en,as
"The Prime Minister , Shri Narendra Modi has condoled the loss of lives due to the bus accident in Cuttack , Odisha .",প্ৰধানমন্ত্ৰী শ্ৰী নৰেন্দ্ৰ মোদীয়ে ওড়িশাৰ কটকত সংঘটিত বাছ দুৰ্ঘটনাত প্ৰাণহানি হোৱা লোকসকলৰ প্ৰতি গভীৰ শোক প্ৰকাশ কৰিছে ।
To deny the truth of a statement .,কোনো কথাৰ সত্যতা অস্বীকাৰ কৰ্ ।
"Like faith , genuine love is defined and characterized by the actions it prompts .",৯. ( ক ) চয়তান আৰু দুষ্ট প্ৰাণীবোৰে কিয় ‘নানাবিধ কুকল্পনা’ ব্যৱহাৰ কৰে ?
"Go to , let us go down , and there confound their language , that they may not understand one another s speech .","গতিকে , আহাঁ , আমি নামি গৈ তেওঁলোকৰ ভাষাত বিভ্রান্তিৰ সৃষ্টি কৰোঁ যাতে তেওঁলোকে এজনে আনজনৰ কথা বুজিব নোৱাৰে ।"
"This is the interpretation of the thing MENE ; God hath numbered thy kingdom , and finished it .","কথাখিনিৰ অৰ্থ এই মিনে , গণনা কৰা ঈশ্বৰে আপোনাৰ ৰাজ্য গণনা কৰি , তাৰ অন্ত কৰিলে ;"
Railways has spent almost Rs 920 crore to stop Covid19 spread amid huge losses .,ৰেলৱেই বৃহৎ লোকচানৰ মাজত বিয়পি পৰা কোভিড19 বন্ধ কৰিবলৈ প্ৰায় 920 কোটি টকা ব্যয় কৰিছে ।
"able to be cured , admitting remedy .","সুস্থ কৰি তুলিব পৰা , আৰোগ্য কৰিব পৰা ।"
Illustrate why Jehovah has allowed Satan to become the ruler of this world and why God has permitted humans to govern themselves .,"বৰ্ণনা কৰক যে কিয় যিহোৱা ঈশ্বৰে চয়তানক এই পৃথিৱীৰ শাসক হ’বলৈ অনুমতি দিছে , আৰু কিয় মানৱক এজনে-আনজনৰ ওপৰত শাসন কৰিবলৈ অধিকাৰ দিলে ?"
"He said the ‘ Make in India’ initiative is not just an economic policy measure , but also a resolve of better ties with friendly nations such as South Korea .",‘মেক ইন ইণ্ডিয়া’ আঁচনিয়ে কেৱল দেশৰ এক আর্থিক তথা অর্থনৈতিক নীতিগত উদ্যোগ বুলি ভৱাৰ লগতে ইয়াক দক্ষিণ কোৰিয়াৰ দৰে বন্ধু দেশসমূহৰ লগতে ভাৰতৰ সম্পর্কক উন্নত কৰি তোলাৰ এটি প্রচেষ্টা বুলি উল্লেখ কৰে প্রধানমন্ত্রীয়ে ।
"If I laughed on them , they believed it not ; and the light of my countenance they cast not down .","সিবিলাক নিৰাশ হলে মই সিবিলাকলৈ মিচিকিয়াই হাঁহিছিলোঁ , আৰু সিবিলোকে মোৰ মুখৰ দীপ্তি নোগুচালে ।"
The total financial implication will be Rs . 1092 crore with DBT and WT contributing Rs .728 crore and Rs .364 crore respectively .,এই প্ৰ’গ্ৰাম ৰূপায়ণৰ ম্যাদ আৰু পাঁচ বছৰ বৃদ্ধি কৰাৰ ফলত ৱেলকাম ট্রাষ্ট সংস্থাৰ সৈতে জৈৱ প্রযুক্তি বিভাগত বুজাবুজি আৰু অদিক সম্প্ৰসাৰিত হ’ব ।
"incapable of being surmounted , passed over , or overcome .",জাপ মাৰি পাৰ হ’ব নোৱাৰা বা অতিক্ৰম কৰিব নোৱাৰা ।
He further said that the return will be accepted through self - certification .,এমএছএমই খণ্ডৰ কৰ্মচাৰীসমূহৰ সামাজিক সুৰক্ষা
"of , pertaining to , or characteristic of Portugal , its inhabitants , or their language","পৰ্তুগাল দেশ , সেই দেশৰ অধিবাসী অথবা ভাষা সম্বন্ধীয়"
Chef Floyd Cardoz man behind Tabla and The Bombay Canteen dies of Covid19 in New York .,তবলা আৰু বোম্বাই কেণ্টিনৰ পিছফালে থকা ৰান্ধনী ফ্লয়ড কাৰ্ডোজ ৰ নিউয়ৰ্কত কোভিড19 ৰ মৃত্যু হয় ।
The entire nation comes together in wishing the all - women team of Navika Sagar Parikrama the very best in their remarkable endeavour .,নাৱিকা সাগৰ পৰিক্ৰমাৰ মহিলা দলটোৰ এই স্মৰণীয় মুহূৰ্তত শুভেচ্ছা জনাবলৈ সমগ্ৰ দেশেই আগবাঢ়ি আহিছে ।
But the hypocrites in heart heap up wrath they cry not when he bindeth them .,অধৰ্ম্মচিত্তীয়াবোৰে ক্ৰোধ সাঁচি থয় ; ঈশ্বৰে সিহঁতক বান্ধিলেও সিহঁতে কাঁতৰোক্তি নকৰে ।
"If a thief be found breaking up , and be smitten that he die , there shall no blood be shed for him .","চোৰে সিন্ধি দিওঁতে যদি ধৰা পৰে , আৰু তেওঁক প্ৰহাৰ কৰোঁতে যদি তেওঁ মৰে , তেনেহ’লে তেওঁৰ ৰক্তপাতৰ দোষত কোনো লোকক হত্যাকাৰী বুলি গণিত কৰা নহ’ব ।"
"And I have oxen , and asses , flocks , and menservants , and womenservants :  and I have sent to tell my lord , that I may find grace in thy sight .","মোৰ গৰু , গাধ , ভেড়া-ছাগলী আদি পশু আৰু দাস-দাসী সকলো আছে । সেয়ে মই মোৰ প্ৰভুৰ ওচৰলৈ আগতীয়াকৈ সংবাদ পঠাইছো মই যেন আপোনাৰ দৃষ্টিত অনুগ্ৰহ পাওঁ ।"
The blessings Job enjoyed for his godly fear give us a foregleam of ‘ the abundant goodness Jehovah has treasured up for those fearing him .’ — Psalm 31 : 19 ; James 5 : 11 .,"ঈশ্বৰৰ প্ৰতি ভয় ৰখাৰ বাবে ইয়োবে যি আশীৰ্ব্বাদ লাভ কৰিলে , তাৰ পৰা আমি পূৰ্বদৃষ্টি লাভ কৰিব পাৰিম যে , ‘যিহোৱালৈ ভয় কৰোঁতাবিলাকৰ নিমিত্তে মঙ্গল সাঁচি থৈছে ।’ —গীতমালা ৩১ : ১৯ ; যাকোব ৫ : ১১."
"If you were Tim , what would you do ?","যদি আপুনি টিমৰ ঠাইত হোৱাহেঁতেন , আপুনি কি কৰিলেহেঁতেন ?"
"Mt 8 : 1 - 3 — Jesus demonstrated exceptional compassion for a leper ( “ he touched him , ”  “ I want to ”  study notes on Mt 8 : 3 , nwtsty )",আকাশখন নীলা কিয় বাৰু ?
Evil shall slay the wicked and they that hate the righteous shall be desolate .,দুষ্ট লোকৰ মৃত্যু দুষ্টতাৰ হাতত ; ধাৰ্ম্মিক লোকক ঘিণাওঁতাসকল দণ্ডিত হব ।
( i ) MOC between MAFF and MoFPI was signed and exchanged in the presence of two leaders of Japan and India on 29 October 2018 .,"এই উৎসৱত জাপানী প্রতিনিধি দলৰ নেতৃত্ব দিছিল সেই দেশৰ কৃষি , বনাঞ্চল আৰু মীনপালন বিভাগৰ ৰাজ্যিক মন্ত্রী শ্ৰীযুত তানিয়ায় ।"
"And the  Lord  spake unto Moses , saying ,","যিহোৱাই মোচিক ক’লে , আৰু মোচিয়ে , ক’লে ,"
How loving the assurance that the gates of “ the city ”  will always stay open to receive hospitably those who are “ rightly disposed for everlasting life ”  !,ইয়াৰ কাৰণ কি হ’ব পাৰে ?
"The Prime Minister , Shri Narendra Modi , will attend an event to mark World Biofuel Day , at Vigyan Bhawan in New Delhi on August 10 , 2018 .","প্ৰধানমন্ত্ৰী শ্ৰী নৰেন্দ্ৰ মোদীয়ে বিশ্ব জৈৱ ইন্ধন দিৱস-২০১৮ উপলক্ষে ১০ আগষ্ট , ২০১৮ত নতুন দিল্লীৰ বিজ্ঞান ভৱনত আয়োজিত অনুষ্ঠানত অংশ গ্ৰহণ কৰিব ।"
The earth is a self - cleaning marvel,পৃথিৱীখনে নিজকে পৰিষ্কাৰকৈ ৰাখিবলৈ আশ্বৰ্য্যজনক প্ৰণালী আছে
"false behaviour , appearance or action",আনক ঠগিবলৈ বা কিবা আদায় কৰিবলৈ মিছা কাৰ্য্য বা ব্যৱহাৰ ।
"And when he had gathered all the chief priests and scribes of the people together , he demanded of them where Christ should be born .","তেতিয়া হেৰোদে সকলো প্ৰধান পুৰোহিত আৰু বিধানৰ অধ্যাপক সকলক একেলগে মাতি সুধিলে , খ্ৰীষ্টই কোন ঠাইত জন্ম গ্রহণ কৰিব ?"
"Nay , in all these things we are more than conquerors through him that loved us .",ওপৰ বা তল বা আন কোনো সৃষ্ট বস্তুৱেই আমাক প্ৰভু খ্ৰীষ্ট যীচুত থকা ঈশ্বৰৰ প্ৰেমৰ পৰা বিচ্ছিন্ন কৰিব নোৱাৰে ।
But I was determined not to pull away from Jehovah .,কিন্তু মই যিহোৱাৰ পৰা আঁতৰ নহ’বলৈ ঠিৰাং কৰিলোঁ ।
"And ye shall serve the  Lord  your God , and he shall bless thy bread , and thy water ; and I will take sickness away from the midst of thee .",তোমালোকে নিজৰ ঈশ্বৰ যিহোৱাৰ সেৱা কৰিবা । তোমালোকে এইদৰে কৰিলে মই তোমালোকৰ অন্ন-জলক আশীৰ্ব্বাদ কৰিম । মই তোমালোকৰ মাজৰ পৰা ৰোগ দূৰ কৰিম ।
"( Ephesians 5 : 5 ; 1 Timothy 1 : 5 , 19 ) Since such entertainment has a harmful effect on you personally , be determined to avoid it .","( ইফিচীয়া ৫ : ৫ ; ১ তীমথিয় ১ : ৫ , ১৯ ) যদি এনেধৰণৰ মনোৰঞ্জনে আপোনাক ব্যক্তিগতভাৱে ক্ষতি কৰিব পাৰে , তেনেহ’লে এইবোৰৰপৰা একেবাৰে দূৰে থাকক ।"
Learned Single Judge fell in error in placing reliance upon the material supplied by the defendant which alone is sufficient to set aside the impugned order .,বিদ্বান একক ন্যায়াধীশে প্ৰতিবাদীৰ দ্বাৰা যোগান ধৰা সামগ্ৰীৰ ওপৰত নিৰ্ভৰশীলতা ৰখাত ত্ৰুটিত পৰিছিল যি অকল অপ্ৰত্যাশিত আদেশটো আঁতৰাই ৰাখিবলৈ পৰ্যাপ্ত ।
"So Mordecai went his way , and did according to all that Esther had commanded him .",মৰ্দখয়ে ইষ্টেৰে তেওঁক কোৱাৰ দৰে কৰিবলৈ গ’ল ।
"That thy beloved may be delivered save with thy right hand , and answer me .","তুমি যি সকলক ভালপোৱা , তেওঁলোকে যেন উদ্ধাৰ পায় , তোমাৰ সোঁ হাতেৰে আমাক উদ্ধাৰ কৰা , আৰু মোক উত্তৰ দিয়া ।"
"Behold , the  Lord  maketh the earth empty , and maketh it waste , and turneth it upside down , and scattereth abroad the inhabitants thereof .","চোৱা , যিহোৱাই পৃথিৱী খালী কৰিছে , আৰু তাক শূন্য কৰিছে , আৰু তাৰ মুখ তল কৰি তাৰ নিবাসীসকলক সিঁচৰিত কৰিছে ।"
"You are connected to a site pretending to be S , possibly to obtain your confidential information",সম্ভৱতঃ আপোনাৰ গোপনীয় তথ্য লাভ কৰিবলৈ আপোনাক বুলি দাবী কৰা ছাইট এটালৈ সংযোগ কৰা হৈছে
"For thine arrows stick fast in me , and thy hand presseth me sore .","কিয়নো তোমাৰ কাঁড়বোৰে মোক বিন্ধিছে , তোমাৰ হাতে মোক বৰকৈ হেঁচি ধৰিছে ।"
Prevent Lazy Voting by Randomized Options,বাৰে বাবে হোৱা ধীৰ ভোটিং ৰেণ্ডম কৰা বিকল্পৰ দ্বাৰা বন্ধ কৰক
He gave his people over also unto the sword ; and was wroth with his inheritance .,তেওঁৰ লোকসকলক তেওঁ তৰোৱালৰ হাতত সমৰ্পণ কৰিলে ; আৰু নিজৰ লোকসকলৰ ওপৰত ক্ৰোধ প্রকাশ কৰিলে ।
"But John forbad him , saying , I have need to be baptized of thee , and comest thou to me ?","কিন্তু যোহনে তেওঁক বাধা দি ক’লে ,  মইহে বৰং আপোনাৰ দ্বাৰা বাপ্তিস্ম লোৱা উচিত  এনে স্থলত আপুনি মোৰ ওচৰলৈ আহিছে ?"
"Moreover the word of the  Lord  came to me , saying ,","পাছে যিহোৱাৰ বাক্য মোৰ ওচৰলৈ আহিল আৰু ক’লে ,"
Jehovah’s people have consistently borne witness to his name and have upheld his Word by publishing and distributing millions of Bible - based publications as well as the Bible itself .,যিহোৱাৰ লোকসকলে ঈশ্বৰৰ বাক্য আধাৰিত কোটি কোটি আলোচনী আৰু বাইবেলৰ বিতৰণ কৰি একেৰাহে যিহোৱাৰ নামেৰে সাক্ষী দিছে ।
I have kept thy precepts and thy testimonies for all my ways are before thee .,মই তোমাৰ আদেশ আৰু আজ্ঞাবোৰ পালন কৰিলোঁ ; কিয়নো মোৰ সকলো পথ তোমাৰ সন্মুখতে আছে ।
feeling of justifiable self respect .,যুক্তিসংগত আত্মসন্মানৰ অনুভূতি ।
Give to every man that asketh of thee ; and of him that taketh away thy goods ask them not again .,"যি জনে তোমাক খোজে , তেওঁক দিয়া ; তোমাৰ কোনো বস্তু যদি কোনোবাই লয় , তেনেহলে সেই বস্তু ওভোতাই নিবিচাৰিবা ।"
one who talks spitefully about a person who is not present,আগত নথকা মানুহৰ অহিতে কথা কোৱা  ।
"As the  Lord  commanded Moses , so the children of Israel did , and they divided the land .","যিহোৱাই মোচিক যি দৰে আজ্ঞা দিছিল , সেই অনুসাৰে ইস্ৰায়েলৰ সন্তানসকলে কাৰ্য্য কৰি দেশ ভাগ কৰি ল’লে ।"
Boats from Pak Meng Pier takes visitors to Ko Ngai and other islands close by .,পাক মেং পিয়েৰৰ পৰা নাওঁবোৰে পৰ্যটকসকলক কো নাই আৰু নিকটবৰ্ত্তী আন আন দ্বীপবোৰলৈ লৈ যায় ।
"( Hosea 2 : 18 ) The Jewish remnant who returned to their homeland lived in security , with nothing to fear from animals .",( হোচেয়া ২ : ১৮ ) পুনৰাই স্বদেশলৈ উভটি যোৱা ইহুদীসকলে নিৰ্ভয়ে আৰু নিৰাপত্তাৰে জীৱন-যাপন কৰিছিল ।
"And Jacob said to Rebekah his mother , Behold , Esau my brother is a hairy man , and I am a smooth man :","তেতিয়া যাকোবে তেওঁৰ মাক ৰিবেকাক ক’লে ,  মোৰ ককাই এচৌ এজন নোমাল মানুহ ; কিন্তু মই হ’লে এজন মসৃণ ছালৰ মানুহ ।"
"But Amnon had a friend , whose name was Jonadab , the son of Shimeah David s brother :  and Jonadab was a very subtil man .",দায়ূদৰ ককায়েক চিমিয়াৰ পুত্ৰ যোনাদবৰ নামেৰে অম্নোনৰ এজন বন্ধু আছিল । যোনাদব এজন বৰ চতুৰ লোক আছিল ।
We will carry forward our resolve and move forward .,এই সময়ছোৱাত আমাৰ দায়িত্ব পালনৰ সময় হৈ উঠিব ।
For a servant when he reigneth ; and a fool when he is filled with meat ;,যেতিয়া এজন দাস ৰজা হয় ; আৰু এজন মুৰ্খই আহাৰ খাই তৃপ্ত হয় ;
The father of nation Mahatma Gandhi envisioned Rama Rajya with reference to these formulae and principles .,এই সূত্ৰ আৰু নীতিৰ প্ৰসংগেৰে মহাত্মা গান্ধীয়ে ৰাম ৰাজ্য ৰ কল্পিত কৰিছিল ।
• Why should we desire that Jehovah examine us ?,২২. অদৃশ্য জনাৰ প্ৰতি আমি কেনে দৃঢ়সঙ্কল্প লোৱা উচিত ?
"The Prime Minister , Shri Narendra Modi will inaugurate the 9th edition of the Vibrant Gujarat Summit on 18th January ,2019 .","এই সন্মিলনত জ্ঞানৰ বিনিময়ৰ ক্ষেত্রত আৰু অধিক বৈচিত্র্যপূৰ্ণ কৰি তোলা , অংশগ্রহণকাৰীসকলৰ মাজত যোগাযোগ আৰু অধিক সুদৃঢ় কৰি তোলাৰ দৰে কেতবোৰ নতুন বিষয়ক লৈ আলোচনা হ’ব৷"
"But he forsook the counsel which the old men gave him , and took counsel with the young men that were brought up with him , that stood before him .","কিন্তু ৰহবিয়ামক বৃদ্ধসকলে দিয়া পৰামৰ্শ অৱজ্ঞা কৰি , যিসকল তেওঁৰে লগত একে সমানে ডাঙৰ-দীঘল হোৱা ডেকাসকল তেওঁৰ আগত থিয় দি আছিল , তেওঁলোকৰ সৈতে মন্ত্ৰণা কৰিলে ।"
"a cardinal compass point , the direction in which a compass needle points .","এটা ভৌগোলিক দিশ , কম্পাছৰ শীৰ্ষটোৱে যিফালে মূৰ কৰি থাকে ।"
Vertical search and reference to indicated cells,সূচিত কক্ষবোৰলৈ উলম্ব সন্ধান আৰু প্ৰসংগ
"Regarding the India - Japan Joint Research Laboratory Programme in the field of ICT between JST and DST , both sides are considering some activities to further continue the collaboration .",তথ্য আৰু যোগাযোগ প্রযুক্তিৰ ক্ষেত্ৰত ভাৰত–জাপান যৌথ গৱেষণা কাৰ্যসূচীৰ অধীনত দুয়োখন দেশৰ সংশ্লিষ্ট প্রতিষ্ঠানসমূহে ভৱিষ্যতেও পাৰস্পৰিক সহযোগিতা বজাই ৰাখিবলৈ গৱেষণামূলক উদ্যোগ গ্রহণৰ ক্ষেত্ৰত চিন্তা–চৰ্চা কৰিছে ।
"Now when they shall fall , they shall be holpen with a little help but many shall cleave to them with flatteries .",তেওঁলোকে উজুটি খোৱা সময়ত অলপ সহায় পাব ; তেওঁলোকে কি কয় সেই কথা নুবুজা অনেক লোকে তেওঁলোকৰ লগত যোগদান কৰিব ।
"The Lord made not this covenant with our fathers , but with us , even us , who are all of us here alive this day .","যিহোৱাই আমাৰ পূর্ব পুৰুষসকলৰ লগতে এই চুক্তি কৰা নাই , কিন্তু আজি আমি যিমান লোক জীয়াই আছো , আমাৰ সকলোৰে সৈতে কৰিলে ।"
"Who covereth the heaven with clouds , who prepareth rain for the earth , who maketh grass to grow upon the mountains .","যি জনাই আশাক-মণ্ডলক মেঘেৰে ঢাকে , যি জনাই পৃথিৱীলৈ বৰষুণৰ ব্যৱস্থা কৰে , যি জনাই পৰ্ব্বতবোৰৰ ওপৰত ঘাঁহ গজায় ,"
"a corner , a secluded place","কোনো কোঠা , পথাৰ বা অঞ্চলৰ এফালৰ সৰু অংশ৷"
Fearless in the Face of Imminent Attack,আগন্তুক আক্ৰমণত নিৰ্ভয় হওক
"The Nephilim were the hybrid offspring of illicit unions between women and materialized renegade angels . — 1 Peter 3 : 19 , 20 .","এই স্বৰ্গদূতবিলাকে মানুহ ৰূপ ধাৰণ কৰি মানুহৰ জীয়াৰীবোৰৰ সৈতে অবৈধৰূপে শাৰীৰিক সম্বন্ধৰ স্থাপন কৰাৰ ফলস্বৰূপে নাফিলবিলাকৰ জন্ম হৈছিল , যিসকল বৰ্ণসঙ্কৰ আছিল । —১ পিতৰ ৩ : ১৯ , ২০."
"15 Jehovah’s inspired Word is “ beneficial for teaching , ”  and it enables God’s servants to be “ fully competent , completely equipped for every good work . ”",১৫ যিহোৱাৰ প্ৰেৰিত বাক্য হৈছে “ শিক্ষাৰ অনুযোগ ” আৰু তেওঁৰ উপাসকবিলাকক “ সকলো সৎকৰ্ম্মৰ নিমিত্তে সুসজ্জিত ” কৰে ।
To encourage participation in travel fairs/exhibitions in each other’s country and 9 .,জ ) দুয়োখনৰ দেশত যাত্ৰা মেলা/প্ৰদৰ্শনীত অংশগ্ৰহণৰ বাবে উৎসাহিত কৰা ।
"3 The apostle Paul tells us that before coming to earth , Jesus was  existing in God’s form .","৩ পাঁচনি পৌলে আমাক কৈছে যে , যীচুৱে পৃথিৱীলৈ অহাৰ পূৰ্বে  ঈশ্বৰৰূপী আছিল ।’"
"And Israel took all these cities :  and Israel dwelt in all the cities of the Amorites , in Heshbon , and in all the villages thereof .","এইদৰে ইস্ৰায়েলে সেই সকলো নগৰ হাত কৰি ললে ; আৰু ইস্ৰায়েলে ইমোৰীয়াসকলৰ আটাই নগৰত , হিচবোনত আৰু তাৰ সকলো উপত্যকাবোৰত বাস কৰিবলৈ ধৰিলে ।"
"And the  Lord  said unto Cain , Why art thou wroth ? and why is thy countenance fallen ?","তেতিয়া যিহোৱাই কয়িনক ক’লে ,  কিয় খং কৰিছা আৰু কেলেই বা মুখ ক’লা কৰি আছা ?"
"And out of the tribe of Dan , Eltekeh with her suburbs , Gibbethon with her suburbs ,","আৰু দান জনগোষ্ঠীৰ পৰা চৰণীয়া ঠায়েৰে সৈতে ইল্ তকি , চৰণীয়া ঠায়েৰে সৈতে গিব্বথোন ,"
"And when the Philistine looked about , and saw David , he disdained him :  for he was but a youth , and ruddy , and of a fair countenance .","তাৰ পাছত ফিলিষ্টীয়াজনে চাৰিওফালে চাই দায়ূদক দেখা পালে আৰু তেওঁ তেওঁক হেয়জ্ঞান কৰিলে ; কাৰণ তেওঁ কেৱল এজন ল’ৰা , তেওঁৰ বৰণ অলপ ৰঙচুৱা , আৰু মুখ সুন্দৰ আছিল ।"
"Make a joyful noise unto the Lord , all the earth make a loud noise , and rejoice , and sing praise .","হে সমুদায় পৃথিৱী , যিহোৱাৰ উদ্দেশ্যে আনন্দ ধ্বনি কৰা ; উচ্চধ্বনিৰে আনন্দ গান কৰা , প্ৰশংসাৰ গীত গোৱা ।"
Refer to the OpenOffice .org Help for a detailed explanation of the dialog,ডাইলগটোৰ এটা বিতং বিৱৰণৰ কাৰণে সহায়ৰ প্ৰসংগ কৰক
"As far as Jesus’ followers were concerned , all of this may have resulted in what Paul called “ sufferings , ”  “ tribulations , ”  and “ the plundering of [their] belongings . ”  — Hebrews 10 : 32 - 34 ; Acts 11 : 27–12 : 1 .","পাঁচনি পৌলৰ অনুসৰি যীচুৰ সকলো শিষ্যই “ দুখভোগ , ” “ ক্লেশ ” কৰিছিল আৰু ‘তেওঁলোকৰ সম্পত্তি বলেৰে কাঢ়ি লৈ যোৱা হৈছিল ।’ —ইব্ৰী ১০ : ৩২- ৩৪ ; পাঁচনিৰ কৰ্ম্ম ১১ : ২৭- ১২ : ১."
( Matthew 7 : 6 ) Faithful servants of God in modern times heed the Bible’s command to be honest .,( মথি ৭ : ৬ ) আধুনিক সময়ৰ যিহোৱাৰ সেৱকসকলে সাধুতা বজাই ৰাখিবলৈ বাইবেলৰ আজ্ঞাক পালন কৰে ।
Psalm 92 15  The palm tree bears silent witness to its Creator’s superlative qualities .,"গীত ৯২ ১৪  উদাহৰণস্বৰূপে , খাজুৰ গছজোপাই যিহোৱাত থকা অত্যুত্তম গুণবোৰৰ বিষয়ে মৌনভাৱে সাক্ষী দিয়ে ।"
"And they brought the colt to Jesus , and cast their garments on him ; and he sat upon him .",পাছত শিষ্য দুজনে সেই গাধ পোৱালিটো যীচুৰ ওচৰলৈ আনিলে আৰু তাৰ ওপৰত তেওঁলোকৰ কাপোৰ পাৰি দিলে । পাছত তাৰ ওপৰত বহিল ।
"The oldest , Cave 1 , has stunning carvings of Shiva in his Nataraja avatar , dancing the apocalyptic tandava .",একেবাৰে পুৰণি প্ৰথম গুহাৰ বেৰত শিৱৰ নটৰাজ অৱতাৰৰ নাচ আৰু তাণ্ডৱ ভংগীৰ অপূৰ্ব চিত্ৰায়ন সিঁচৰিত হৈ আছে ।
"This land has a legacy that is unique , he added .",এয়াই বিহাৰৰ সুকীয়া বৈশিষ্ট্য ।
"Repentance , prayer , parental help , and the loving assistance of Christian elders can help him to be like Hezekiah and ‘ cleanse his path and keep on guard .’ — James 5 : 13 - 15 .",মন কৰিবলগীয়া কথা যে ইস্ৰায়েলৰ ১২ গোত্ৰৰ নাম যাকোবৰ ১০জন ল’ৰা আৰু যোচেফৰ ২জন ল’ৰাৰপৰা আহিছে ।
I am happy to be here once again with you at the Global Business Summit .,গ্ল’বেল বিজিনেছ ছামিটত পুনৰ উপস্থিত থাকিবলৈ পাই মই আনন্দিত হৈছো ।
"4 Now , let us go back to the time when Jehovah revealed his intention to inspect the cities of Sodom and Gomorrah .",৪ আঁহক এতিয়া আমি যিহোৱাই চদোম আৰু ঘমোৰা নামৰ চহৰখন ধ্বংস কৰাৰ সম্পৰ্কে থকা তেওঁৰ অভিপ্ৰায়ৰ বিষয়ে প্ৰকাশ কৰা সময়লৈ ঘূৰি যাওঁ ।
"Yet , this brave heart from the Navy kept struggling for many days in mid - ocean .",আমি কিবা ক্ৰয় কৰাৰ সময়ত এই কথা চিন্তা কৰোঁনে ইয়াৰ পৰা দেশৰ কোনজন নাগৰিকৰ লাভ হ’ব ?
"And they were glad , and covenanted to give him money .",তেতিয়া তেওঁলোকে আনন্দিত হ ল আৰু তেওঁক ধন দিবলৈ সন্মত হ ল ।
"And he brought into the house of God the things that his father had dedicated , and that he himself had dedicated , silver , and gold , and vessels .","তেওঁ নিজ পিতৃৰ দ্বাৰাই পবিত্ৰ কৰা আৰু নিজেও পবিত্ৰ কৰা বস্তু , অৰ্থাৎ ৰূপ , সোণ আৰু পাত্ৰবোৰ ঈশ্বৰৰ গৃহলৈ আনিছিল ।"
A Muslim administrator under the Muslim regime .,বাদছাহৰ আমোলৰ মুছলমান শাসনকৰ্তা ।
"And he beat down the tower of Penuel , and slew the men of the city .",তেওঁ পনুৱেলৰ কোঁঠটোও ভাঙি পেলালে আৰু সেই নগৰৰ লোকসকলক বধ কৰিলে ।
"This World Health Day , I wish all of you remain in the best health and continue to scale new heights of growth .",এই বিশ্ব স্বাস্থ্য দিৱসত মই সকলোকে সু-স্বাস্থ্যৰ অধিকাৰ হোৱাৰ লগতে বিকাশৰ নতুন শিখৰত উপনীত হোৱাটো কামনা কৰিলো ।
And the cow and the bear shall feed ; their young ones shall lie down together and the lion shall eat straw like the ox .,"গৰু আৰু ভালুকে একেলগে চৰিব , আৰু সিহঁতৰ পোৱালিবোৰ একেলগে শুব , সিংহই ষাড় গৰুৰ দৰে ধান খেৰ খাব ।"
The temple that was rebuilt by Governor Zerubbabel has now stood for 55 years .,মন্দিৰ পুনৰাই নিৰ্মাণ কৰা হ’ল আৰু ৰাজ্যপাল হৈ জৰূব্বাবিলে প্ৰায় ৫৫ বছৰ ৰাজত্ব কৰিলে ।
what has been presented voluntarily,যিটো দিয়া হৈছে
"For TURBOcharged downloads , get LimeWire PRO . We guarantee that you will love the improved performance of PRO . Thank you for helping keep the Internet open by running LimeWire",চাৰ্জড ডাউনল ডবোৰৰ কাৰণে লাইম ৱায়াৰ লওক আমি গেৰান্টী দিও যে আপুনি ৰ উন্নত সম্পাদনটো ভাল পাব লাইম ৱায়াৰ চলাই ইন্টাৰনেট খুলি ৰাখি সহায় কৰাৰ বাবে ধন্যবাদ
Hast thou perceived the breadth of the earth ? declare if thou knowest it all .,"তুমি পৃথিবীৰ প্ৰস্থৰ বুজ পালা নে ? এই সকলো যদি জানা , তেন্তে কোৱা ।"
"And as David returned from the slaughter of the Philistine , Abner took him , and brought him before Saul with the head of the Philistine in his hand .","পাছত দায়ূদে যেতিয়া ফিলিষ্টীয়াজনক বধ কৰি ঘূৰি আহিছিল , তেতিয়া অবনেৰে তেওঁক ধৰি চৌলৰ ওচৰলৈ লৈ গ’ল আৰু তেওঁৰ হাতত তেতিয়া ফিলিষ্টীয়াজনৰ মূৰ আছিল ।"
"Therefore I have profaned the princes of the sanctuary , and have given Jacob to the curse , and Israel to reproaches .","এই হেতুকে মই পবিত্ৰীকৃত অধ্যক্ষসকলক অপবিত্ৰ কৰিম , মই যাকোবক সৰ্বনাশ আৰু ইস্ৰায়েলক নিন্দাৰ বিষয় কৰিম ।"
"For the Lord God of hosts shall make a consumption , even determined , in the midst of all the land .",কাৰণ বাহিনীসকলৰ প্রভু যিহোৱাই সমগ্র পৃথিৱীত ধ্বংস আনিবলৈ সিদ্ধান্ত লৈছে ।
Esau had an impatient desire to satisfy a physical craving .,যিহেতু এচৌৱে ধৈৰ্য্যহীন হৈ শাৰীৰিক তৃপ্তি হ’বলৈ ইচ্ছা কৰিছিল ।
"Her prophets are light and treacherous persons her priests have polluted the sanctuary , they have done violence to the law .",তাইৰ ভাৱবাদীসকল দাম্ভিক আৰু বিশ্বাস ঘাতক তাইৰ পুৰোহিতসকলে পবিত্রক অপবিত্ৰ কৰিছে আৰু ব্যৱস্থাৰ বিৰুদ্ধে অনিষ্ট কার্য কৰিছে
"In the course of the past three years , we have opened over 300 million bank accounts for those who never had a bank account .","বিগত তিনিটা বছৰত আমি সেইসকল লোকৰ প্ৰায় ৩০ কোটি বেংক একাউন্ট খুলিবলৈ সক্ষম হৈছো , যিসকলৰ কেতিয়াও কোনো বেংক একাউণ্টেই নাছিল ।"
"And they shall be eight boards , and their sockets of silver , sixteen sockets ; two sockets under one board , and two sockets under another board .","তাত আঠখন তক্তা ৰূপৰ চুঙীৰ সৈতে একেলগে থাকিব লাগিব । সৰ্ব্বমুঠ ষোল্লটা চুঙী হ’ব লাগিব । প্রথম তক্তাৰ তলত দুটা চুঙী , আৰু আনখন তক্তাৰ তলতো দুটা চুঙী থাকিব । এইদৰে বাকিবোৰ তক্তাতো থাকিব লাগিব ।"
"And I will scatter thee among the heathen , and disperse thee in the countries , and will consume thy filthiness out of thee .","মই জাতিবোৰৰ মাজত তোমাক ছিন্ন ভিন্ন কৰিম , দেশবোৰৰ মাজত তোমাক গোট গোট কৰিম আৰু তোমাৰ মাজৰ পৰা তোমাৰ লেতেৰাবোৰ নিকা কৰিম ।"
From 3D map of SARSCoV2 proteins to more testing labs ThePrint brings you the top coronavirus research developments from across the world .,চাৰ্চকোভি2 প্ৰ'টিনৰ ত্ৰিমাত্ৰিক মানচিত্ৰৰ পৰা অধিক পৰীক্ষাগাৰলৈ প্ৰিণ্টে আপোনাক সমগ্ৰ বিশ্বৰ পৰা শীৰ্ষ কৰোনাভাইৰাছ গৱেষণা বিকাশ আনিছে ।
Daniel is no longer my enemy .,যোৱা কিছু বছৰৰ আগতে দানিয়েল মোৰ শত্ৰু আছিল আৰু তেওঁক বধ কৰাটোৱেই মোৰ লক্ষ্য আছিল ।
"And they went from Hor haggiggad , and pitched in Jotbathah .","আৰু হোৰহগ্গিদগদৰ পৰা যাত্ৰা কৰি , যটবাথাত ছাউনি পাতিলে ।"
The formalities relating to transfer of land to KVS would be within a period of two months .,এই সকলো অসুবিধা দূৰ কৰাৰ লক্ষ্যৰে কেবিনেটত ভূমি হস্তান্তৰৰ প্রস্তাৱ উত্থাপন কৰা হয় ।
The draft Bill has been finalised after wide consultation with leading Indian experts and international experts .,দেশ-বিদেশৰ বিশেষজ্ঞসকলৰ সৈতে ব্যাপকভাৱে আলোচনা কৰাৰ পাছত বিধেয়কখনৰ খচৰা চূড়ান্ত কৰা হৈছে ।
"And Jacob awaked out of his sleep , and he said , Surely the Lord is in this place ; and I knew it not .","যাকোবে টোপনিৰ পৰা সাৰ পাই ক’লে , তেন্তে যিহোৱা নিশ্চয়কৈ এই ঠাইত আছে , অথচ মই তাক জনা নাছিলোঁ ।"
No additional funds are required as to be expended on account of declaration of Scheduled Areas .,এই অনুসূচিত এলেকাসমূহ সম্প্ৰসাৰণৰ সন্দৰ্ভত কৰিবলগীয়া ঘোষণাৰ বাবদ কোনো ধৰণৰ অতিৰিক্ত পুঁজি ব্যয় নহয় ।
"And thou shalt return and obey the voice of the Lord , and do all his commandments which I command thee this day .","তেতিয়া আপোনালোকে পুনৰ উলটি আহি যিহোৱাৰ বাধ্য হৈ চলিব আৰু তেওঁৰ যি সকলো আজ্ঞা আজি মই আপোনালোকক দিছো , সেইবোৰ পালন কৰিব ।"
"And the  Lord  said unto him , Peace be unto thee ; fear not :  thou shalt not die .","তেতিয়া যিহোৱাই তেওঁক ক’লে ,  তোমাৰ শান্তি হওক! ভয় নকৰিবা , তুমি নমৰিবা ।"
Could you take some steps to assist a weak one in your congregation ?,প্ৰশ্ন ৩
"Put yourselves in array against Babylon round about :  all ye that bend the bow , shoot at her , spare no arrows :  for she hath sinned against the  Lord .","ধনু ভিৰাওঁতা তোমালোক আটায়ে বাবিলৰ অহিতে চাৰিওফালে বেহুঁ পাতা ; তোমালোকে তালৈ কাঁড় মাৰা , এটি কাঁড়ো বাকী নাৰাখিবা ; কিয়নো সি যিহোৱাৰ বিৰুদ্ধে পাপ কৰিলে ।"
Select to Right Block Margin,সোঁফালৰ ব্লক মাৰ্জিনলৈ নিৰ্বাচন কৰক
used in interrogative sentence to enquire the amount of something,কোনো বস্তু আৰু সময়ৰ পৰিমাণ জানিবলৈ ব্যৱহাৰ কৰা প্ৰশ্নবোধক শব্দ
This celebration is an occasion to unite the belief with the reality .,এই উদযাপন হৈছে বাস্তৱৰ সৈতে বিশ্বাসক একত্ৰিত কৰাৰ এক অনুষ্ঠান ।
"The Prime Minister Shri Narendra Modi will be visiting Wuhan , China on 27th April - 28th April 2018 .","প্ৰধানমন্ত্ৰী শ্ৰী নৰেন্দ্ৰ মোদীয়ে অহা ২৭-২৮ এপ্ৰিল , ২০১৮ত চীনৰ য়ুহান ভ্ৰমণ কৰিব ।"
As Bharat gets invited to Indian team in place of who injured Rishabh Pant .,এ এছ ভৰত কোন আঘাতপ্ৰাপ্ত ঋষভ পণ্টৰ স্থানত ভাৰতীয় দললৈ পালে আমন্ত্ৰণ ।
"A directory containing a writable fonts .dir file is not located in the Fontpath . Therefore , fonts cannot be installed","এখন নিৰ্দেশিকাত থকা লিখিব পৰা ফাইল আখৰপথত অৱস্থিত নহয় সেইবাবে , আখৰবোৰ ইলষ্টল কৰিব নোৱাৰি"
"And when the devil had ended all the temptation , he departed from him for a season .",এইদৰে চয়তানে যীচুক পৰীক্ষা কৰাৰ পাছত আন সময়ত সুযোগ পোৱাৰ অপেক্ষাৰে যীচুক এৰি থৈ আতৰি গ’ল ।
"Jesus asks :  ‘ Judas , do you betray me with a kiss ?’",মোমাইয়েকজন হৈছে পাঁচনি পৌল ।
Prime Minister renewed the offer of all possible help and assistance to Sri Lanka for ensuring its security against the challenges such as those posed by terrorism .,প্ৰধানমন্ত্ৰীয়ে শ্ৰীলংকাক সন্ত্ৰাসবাদৰ প্ৰত্যাহ্বানৰ বিৰুদ্ধে গ্ৰহণ কৰা সুৰক্ষাৰ ক্ষেত্ৰত ভাৰতে যথাসম্ভৱ সহযোগিতা প্ৰদান কৰিব বুলি আশ্বাস প্ৰদান কৰে ৷
"But without letting them know , he also has his special silver cup put into Benjamin’s bag .",কিন্তু কোনেও নজনাকৈ যোচেফে নিজৰ ৰূপৰ বাটিটো বিন্যামীনৰ বেগত ৰখাৰ ব্যৱস্থা কৰিলে ।
an act  done in order to take revenge,প্ৰতিশোধ লোৱা বা পোটক তোলাৰ উদ্দেশ্যে কৰা  কাৰ্য্য
"Which wise men have told from their fathers , and have not hid it","যিসকলৰ হাতত দেশ শোধাই দিয়া হৈছিল , আৰু যিসকলৰ মাজত কোনো বিদেশী ঘূৰি ফুৰা নাছিল ,"
Are Your Choices Leading You to Where You Really Want to Go ?,আপুনি কৰা বাছনিসমূহে বাস্তৱতে সঠিক পথলৈ পৰিচালিত কৰেনে ?
Insert Weather Report By City Type,চহৰৰ প্ৰকাৰ অনুসৰি বতৰৰ ৰিপোৰ্ট ভৰাওক
"And the  Lord  said , Even thus shall the children of Israel eat their defiled bread among the Gentiles , whither I will drive them .","যিহোৱাই পুনৰ ক’লে ,  যি জাতিবোৰৰ মাজলৈ মই এই ইস্ৰায়েল সন্তানসকলক খেদিম , সেই জাতিবোৰৰ মাজত তেওঁলোকে নিজ নিজ আহাৰ এইদৰে অশুচিকৈ খাব ।"
"There shall no stranger eat of the holy thing a sojourner of the priest , or an hired servant , shall not eat of the holy thing .",পুৰোহিত বংশৰ নোহোৱা কোনো লোকে পবিত্ৰ বস্তু খাব নোৱৰিব ; পুৰোহিতৰ ঘৰত থকা আলহী বা বেচ খোৱা চাকৰসকলেও পবিত্ৰ বস্তু ভোজন কৰিব নোৱাৰিব ।
"The global economic expansion continues , however , it has been less balanced and downside risks have risen .","সর্বসন্মতভাবে মুক্ত বাণিজ্য , অর্থনৈতিক , সামাজিক আৰু পৰিৱেশগত উন্নয়নৰ লক্ষ্যৰে কাম কৰিব লাগিব ।"
"This is the birth anniversary of the great hockey player , hockey wizard , Major Dhyan Chand ji .",এই দিনটো মহান হকী খেলুৱৈ তথা হকীৰ যাদুকৰ মেজৰ ধ্যানচাঁদজীৰ জন্মদিন ।
Teacher s knowledge on content,শিক্ষকৰ বিষয়বস্তুৰ জ্ঞান
WHAT’S making these walls of Jerʹi·cho fall ?,তীমথিয়ে পৌলৰ লগত যাত্ৰা কৰিবলৈ সন্মত হৈছিলনে ?
The application of continuous force by one body on another that it is touching; compression,কোনো বস্তুৰ ওপৰত প্ৰয়োগ হোৱা বল৷
"Ye have not eaten bread , neither have ye drunk wine or strong drink that ye might know that I am the Lord your God .",আপোনালোকৰ খাবলৈ কোনো পিঠা নাছিল ; দ্রাক্ষাৰস বা আন মদিৰাৰ ৰস পান কৰা নাছিল । কিয়নো যিহোৱাই তেনে কৰিছিল যাতে আপোনালোকে বুজিব পাৰে যে তেৱেঁই আপোনালোকৰ ঈশ্বৰ যিহোৱা ।
"And they cast lots , ward against ward , as well the small as the great , the teacher as the scholar .","তেওঁলোকৰ সৰু কি বৰ , গুৰু কি শিষ্য সকলোৱে সমানে চিঠি খেলাই নিজৰ কৰিব লগীয়া কাৰ্য্য কৰিবলৈ থিৰ কৰিছিল ।"
A Kingdom That Will Rule the Whole Earth,এখন ৰাজ্যই পৃথিৱীজুৰি শাসন কৰিব
"After these things the word of the  Lord  came unto Abram in a vision , saying , Fear not , Abram :  I am thy shield , and thy exceeding great reward .","এইবোৰ ঘটনাৰ পাছত , দৰ্শনযোগে অব্ৰামলৈ যিহোৱাৰ বাক্য আহিল , তেওঁ ক’লে ,  হে অব্ৰাম , ভয় নকৰিবা ; ময়েই তোমাৰ ঢাল আৰু মহা পুৰস্কাৰস্বৰূপ ।"
We have been able to convert our traditional buyer-seller engagements into strategic partnerships through bilateral investments .,দ্বিপাক্ষিক পর্যায়ত বিনিয়োগৰ মাধ্যমেৰে আমি আমাৰ ক্রেতা-বিক্রেতাৰ পুৰণি পৰম্পৰাগত ধৰনৰ যোগাযোগক কৌশলগত অংশীদাৰীত্বলৈ পৰিৱৰ্তিত কৰিছো ।
"19 But because of their bad choice , humans alienated themselves from Jehovah , becoming imperfect , degenerating , and dying .",ঈশ্বৰীয় গুণবোৰ বিকশিত কৰিবলৈ আপোনাক কিহে সহায় কৰিব ?
"Then thy elders and thy judges shall come forth , and they shall measure unto the cities which are round about him that is slain :","তেতিয়া আপোনালোকৰ মাজৰ বয়জেষ্ঠলোক আৰু বিচাৰকৰ্ত্তাসকল বাহিৰলৈ গৈ , সেই হতহোৱা লোকজনৰ মৃতদেহৰ চাৰিওফালে থকা নগৰবোৰৰ দুৰত্বৰ মাপ ল’ব ।"
"Lu 2 : 46 , 47 — Jesus listened to the religious leaders and asked them questions ( “ asking them questions , ”  “ were in constant amazement ”  study notes on Lu 2 : 46 , 47 , nwtsty )","লূক ২ : ৪৬ , ৪৭—যীচুৱে ধৰ্ম্মগুৰুসকলৰ কথা শুনিছিল আৰু তেওঁলোকক প্ৰশ্ন সুধিছিল ( “ তেওঁলোকক প্ৰশ্ন ধৰি আছিল , ” “ সকলোৱে তেওঁৰ বুদ্ধি আৰু উত্তৰত বিস্ময় মানিলে ” লূক ২ : ৪৬ , ৪৭ পদৰ ওপৰত অধ্যয়নৰ টোকা , nwtsty )"
"And he sought to see Jesus who he was ; and could not for the press , because he was little of stature .","তেওঁ যীচুক চাবলৈ অৰ্থাৎ যীচু নো কোন হয় জানিবৰ বাবে , তেওঁক চাবলৈ বহুত চেষ্টা কৰিলে , কিন্তু মানুহৰ ভিৰ বেছি হোৱা বাবে যীচুক দেখা নাপালে , কাৰণ তেওঁ চুটি চাপৰ লোক আছিল ।"
"Cursed shalt thou be when thou comest in , and cursed shalt thou be when thou goest out .",ভিতৰলৈ যোৱা আৰু বাহিৰলৈ অহা সময়ত আপোনালোকে শাও পাব ।
"( Ephesians 6 : 11 ) When we think of Satan’s devices , such things as materialism and immorality might immediately come to mind and rightly so .",( ইফিচীয়া ৬ : ১১ ) আমি ভৌতিকবাদ আৰু অনৈতিকতাৰ বিষয়বোৰক সহজে চয়তানৰ কুকল্পনাৰ এক ভাগ বুলি ক’ব পাৰোঁ ।
thickly smeared or covered all over the surface,গোটেই পৃষ্ঠতে ডাঠকৈ লিপি থোৱা
"Rather , it was “ the secret person of the heart ”  — her loyalty and love , her humility and meekness , her diligence and self - sacrificing spirit .",তেওঁ এইদৰে কিয় কৰিছিল ?
"Mysore also celebrates the national festivals of Independence Day , the Republic Day and the birthday of Gandhiji .","ৰাষ্ট্ৰীয় উৎসৱ , স্বাধীনতা দিৱস , গণৰাজ্য দিৱস আৰু গান্ধীজয়ন্তীও মহীশূৰত পালন কৰা হয় ।"
"He is staying in Jop pa at the house of Simon , who lives by the sea .’",তেওঁ যাফোত সাগৰৰ তীৰত বাস কৰা চিমোন নামৰ মানুহজনৰ ঘৰত আছে ।’
"At Jehoiada’s orders , the people tore down the house of the false god Baal and removed its altars , images , and priest .","যিহোয়াদৰ আদেশ অনুসাৰে লোকসকলে বালদেৱতা পিয়োৰ ঘৰ , বেদি আৰু মূৰ্ত্তিবোৰ ভাঙি তাৰ পুৰোহিতবিলাককো বধ কৰিলে ।"
"Beat your plowshares into swords , and your pruninghooks into spears let the weak say , I am strong .","তোমালোকে তোমালোকৰ নাঙলৰ ফাল পিটি তৰোৱাল , আৰু তোমালোকৰ কলম দিয়া কটাৰী পিটি যাঠী গঢ়োৱা । মই শক্তিশালী , এই বুলি দুৰ্ব্বল সকলে কওঁক ।"
Our partnership is destined to soar even higher in the coming years .,আগন্তক বছৰবোৰত আমাৰ অংশীদাৰীত্ব আৰু অধিক বৃদ্ধি হ'ব ।
Could not increase the available registry space . 2 KB of free registry space is required for the installation of this application,মজুত থকা ৰেজিষ্ট্ৰী স্পেছটো বঢ়াব পৰা নগ ল এই প্ৰয়োগটোৰ ইনষ্টলেশ্বনৰ কাৰণে মুক্ত ৰেজিষ্ট্ৰী স্পেছ 2 প্ৰয়োজন
"Should such thoughts ever cross our minds , we do well to remember Jehovah and the wonderful blessings he has in store for us . — Hebrews 12 : 2 , 3 .","যদিও আমাৰ মনলৈ তেনে বিচাৰধাৰা আহে তেন্তে যিহোৱাই আমালৈ কৰা আচৰিত আশীৰ্ব্বাদসমূহৰ ওপৰত আমাৰ ধ্যান কেন্দ্ৰিত কৰা উচিত । —ইব্ৰী ১২ : ২ , ৩."
Admittedly the wagon was loaded with Motor Spirit in the private siding of HPCL .,স্বীকাৰ কৰা হৈছে যে এইচপিচিএলৰ ব্যক্তিগত চাইডিঙত ৱাগনখন মটৰ স্পিৰিটৰে ভৰোৱা হৈছিল ।
"Be merciful unto me , O God for man would swallow me up ; he fighting daily oppresseth me .","হে ঈশ্বৰ , মোক কৃপা কৰা ; কিয়নো মানুহে মোক গ্ৰাস কৰিবলৈ বিচাৰিছে ; সি ওৰে দিনটো যুদ্ধ কৰি মোক উপদ্ৰৱ কৰিছে ।"
"Then went Abimelech to Thebez , and encamped against Thebez , and took it .",তাৰ পাছত অবীমেলক তেবেচলৈ গৈ তাৰ বিৰুদ্ধে ছাউনি পাতি তাক অধিকাৰ কৰি ল’লে ।
"Then came all the tribes of Israel to David unto Hebron , and spake , saying , Behold , we are thy bone and thy flesh .","তাৰ পাছত ইস্ৰায়েলৰ সকলো জনগোষ্ঠীয়ে হিব্ৰোণত থকা দায়ূদৰ ওচৰলৈ আহি ক’লে , চাওঁক , আমি আপোনাৰ হাড় আৰু মঙহ ।"
"And thou saidst , I will surely do thee good , and make thy seed as the sand of the sea , which cannot be numbered for multitude .","কিন্তু আপুনি কৈছিলে , মই নিশ্চয়ে তোমাৰ মঙ্গল কৰিম ; তোমাৰ বংশ সাগৰৰ তীৰৰ বালিৰ দৰে কৰিম যাক গণি শেষ কৰিব নোৱাৰিব । ’"
"Yes , our doubts will dissipate as we draw close to God through study and prayer . — James 4 : 7 , 8 .","সচাঁকৈ , যেনেকৈ আমি বাইবেল অধ্যয়ন আৰু প্ৰাৰ্থনাৰ যোগেদি ঈশ্বৰৰ কাষ চাপি আহিম , আমাত থকা সন্দেহবোৰো আঁতৰ হ’ব । —যাকোব ৪ : ৭ , ৮."
"This shall be the punishment of Egypt , and the punishment of all nations that come not up to keep the feast of tabernacles .",এয়ে মিচৰৰ আৰু পঁজা পৰ্ব্ব পালন কৰিবলৈ উঠি নহা আটাই জাতিৰ দণ্ড হ’ব ।
"And all the pins of the tabernacle , and of the court round about , were of brass .",আবাসৰ আৰু চোতালৰ চাৰিওফালৰ খুটাবোৰ পিতলৰ আছিল ।
Mt 26 : 17 — Why could Nisan 13 be referred to as “ the first day of the Unleavened Bread ”  ?,মথি ২৬ : ১৭—নিচান মাহৰ ১৩ তাৰিখক কিয় “ খমিৰ নোহোৱা পিঠাৰ পৰ্ব্বৰ প্ৰথম দিনা ” বুলি ক’ব পাৰি ?
They view as directed to them all that the Bible says about heavenly life .,"বাইবেলত স্বৰ্গীয় জীৱনৰ বিষয়ে যি কৈছে , এইবোৰ তেওঁলোকৰ বাবে কোৱা হৈছে বুলি দৃষ্টি কৰে ।"
"And Pharaoh said unto Jacob , How old art thou ?","ফৰৌণে যাকোবক সুধিলে ,  আপোনাৰ বয়স কিমান হ’ল ?"
All the words of my mouth are in righteousness ; there is nothing froward or perverse in them .,"মোৰ মুখৰ সকলো কথা ন্যায়পৰায়ণ ; সেইবোৰৰ মাজত বিকৃত , বা বিভ্রান্তিজনক বিষয়ৰ কথা নাথাকে ।"
"He said the occasion is one of Appreciation , Evaluation and Introspection .","তেওঁ কয় যে প্ৰশংসা , মুল্যায়ন আৰু অন্তৰ্দৰ্শন কৰাৰ বাবেই এনে দিৱস পালন কৰা হয় ।"
But new wine must be put into new bottles ; and both are preserved .,নতুন দ্ৰাক্ষাৰস নতুন ছালৰ থলিত ৰখা উচিত ।
"A stone is heavy , and the sand weighty ; but a fool s wrath is heavier than them both .","গধুৰ শিল , আৰু বালিৰ ওজনৰ গুৰুত্ব বিবেচনা কৰা ; কিন্তু অজ্ঞানী লোকৰ উত্তেজনা এই দুয়োটাতকৈ গধুৰ ।"
"While India is buildingIITs & AIIMS at a rapid pace , it has also built toilets in all schools across the country .","• ভাৰতে যিদৰে দ্ৰুতগতিৰে আআইটি আৰু এইমছ নিৰ্মাণ কৰিছে , একেদৰে সমগ্ৰ দেশজুৰি সকলো স্কুলত শৌচালয় নিৰ্মাণ কৰিছে ।"
"Moreover he sprinkled with blood both the tabernacle , and all the vessels of the ministry .","এতেকে যি স্বৰ্গীয় বিষয়ৰ নকল মাত্ৰ , সেইবোৰ এই উপায়েৰে শুচি কৰা হোৱা আৱশ্যক ; কিন্তু আচল যি স্বৰ্গীয় বিষয় , সেয়ে ইয়াতকৈ শ্ৰেষ্ঠ বলিদানৰ দ্বাৰাই শুচি কৰা হোৱা আৱশ্যক ।"
The connection to the data source name could not be established,"ডাটা উত্স টো স্থাপন কৰিব পৰা নগ ল ,ডাটা উত্স লৈ সংযোগ প্ৰতিস্থাপন কৰিব পৰা নগ ল"
• What is the significance of the unleavened Memorial bread ?,• খমিৰ মিহলি নকৰা পিঠাৰ অৰ্থ কি ?
"But your little ones , which ye said should be a prey , them will I bring in , and they shall know the land which ye have despised .","কিন্তু তোমালোকে নিজৰ যি ল’ৰা-ছোৱালীবোৰৰ বিষয়ে লুটদ্ৰব্য হ’ব বুলি কৈছিলা , মই তেওঁলোকক তাত সোমোৱাম ; আৰু তোমালোকে যি দেশ অগাহ্য কৰিলা , তেওঁলোকে তাৰ পৰিচয় পাব ।"
"Beside that he had of the merchantmen , and of the traffick of the spice merchants , and of all the kings of Arabia , and of the governors of the country .",ইয়াৰ বাহিৰেও বেপাৰীসকলৰ পৰা আৰু বণিকসকলৰ বাণিজ্যৰ পৰা তেওঁলোকে চলোমনলৈ সোণ আনিছিল । আৰবৰ সকলো ৰজা আৰু দেশাধ্যক্ষসকলেও চলোমনলৈ সোণ আৰু ৰূপ আনিছিল ।
All my inward friends abhorred me :  and they whom I loved are turned against me .,"মোৰ বিশ্বাসী বন্ধুবোৰে মোক ঘিণ কৰে , মোৰ প্ৰিয় পাত্ৰসকল মোৰ পৰা বিমুখ হ’ল ।"
Even the faithful Israelites felt its effects in that the nation’s religious delinquency made staying on a course of integrity difficult for them .,তদুপৰি তেওঁলোকৰ ধৰ্ম্মত বিশৃঙ্খলতা উৎপন্ন হোৱাত বিশ্বাসী ইস্ৰায়েল ব্যক্তিসকলৰ বাবে অখণ্ডতা বজাই ৰাখাত কঠিন হৈছিল ।
"a small a boat with height oars , build in Bengal for the British around 1860s .",ইংৰাজসকলৰ কাৰণে এসময়ত  1860 বংগদেশত সজা ওখ জোঙা টিংৰ চৈ দিয়া পালতৰা নাঁও ।
"3 . Advisory services in order to enhance planning , management and delivery of Vocational Education and Training and Skill Development .","4. পৰিকল্পনা , ব্যৱস্থাপনা আৰু কাৰিকৰী শিক্ষা আৰু প্ৰসিক্ষণ তথা দক্ষতা উন্নয়ণৰ বাবে পৰামৰ্শমূলক সেৱাৰ সুবিধা ।"
"When Jehovah withdrew his holy spirit , Saul lost its protection and came to be dominated by his own bad spirit .",যিহোৱাই চৌলৰ পৰা নিজৰ পবিত্ৰ আত্মা নিয়াত তেওঁৰ নিজৰ বেয়া মনোবৃত্তিয়ে প্ৰভুত্ব কৰিব ধৰিলে ।
• How will some benefit from “ a better resurrection ”  ?,১৯. কিছুমানে “ শ্ৰেষ্ঠ পুনৰুত্থানৰ ” পৰা কেনেকৈ লাভৱান হ’ব ?
The manner in which the global community has supported these efforts is heartening .,"বিশ্বব্যাপী সমাজখনে এই প্ৰচেষ্টাবোৰ ক যি প্ৰচেষ্টাত সমৰ্থন কৰিছে , তাৰো এক আকৰ্ংসনা ।"
"And I came to Jerusalem , and understood of the evil that Eliashib did for Tobiah , in preparing him a chamber in the courts of the house of God .",মই যিৰূচালেমলৈ ঘূৰি আহিলো । ইলিয়াচীবে ঈশ্বৰৰ গৃহৰ চোতালত টোবিয়াক ভৰাল দি কৰা কু-কৰ্ম মই বুজি পালোঁ ।
Knowledge sharing through the Japan - India Workshop on Disaster Risk Reduction,এই উদ্যোগৰ অধীনত উদ্যোগ খণ্ডত বাঁহৰ ব্যৱহাৰৰ সমান্তৰালভাৱে বাঁহনিৰ সুস্থ পৰিচালনাৰ বিষয়টো গুৰুত্ব প্ৰদান কৰা হ’ব ।
"Therefore Saul said unto the  Lord  God of Israel , Give a perfect lot . And Saul and Jonathan were taken :  but the people escaped .","তেতিয়া চৌলে ইস্ৰায়েলৰ ঈশ্বৰ যিহোৱাক ক’লে , প্ৰকৃততে কি হয় , তাক দেখুৱাই দিয়া ।  তাতে চিঠি খেলৰ দ্বাৰাই যোনাথন আৰু চৌলক নিৰ্ণয় কৰা হ’ল , কিন্তু লোকসমুহ এৰা পৰিল ।"
"Awake , awake , Deborah :  awake , awake , utter a song :  arise , Barak , and lead thy captivity captive , thou son of Abinoam .","সাৰ পোৱা দবোৰা , সাৰ পোৱা! সাৰ পোৱা , সাৰ পোৱা , গীতগান কৰা! হে অবীনোৱমৰ পুত্ৰ বাৰাক , উঠা আৰু যুদ্ধত যিসকলক তোমালোকে ধৰিলা , বন্দী কৰি লৈ যোৱা ।"
"And Stephen , full of faith and power , did great wonders and miracles among the people .","কিন্তু লিবর্ত্তীন নামৰ সমাজৰ কেইজনমান ব্যক্তিৰ লগতে কুৰীণীয়া , আলেকজেন্দ্রিয়া , কিলকিয়া আৰু এচিয়াৰ কিছুমান ব্যক্তিয়ে স্তিফানৰ সৈতে তর্ক কৰিলে ।"
the state or the period of very mature age .,অতি বয়স্ক আয়ু বা অৱস্থা ।
It benefits less than 20% of the farmers .,ইয়াৰ দ্বাৰা ২০ শতাংশতকৈ কম কৃষকহে উপকৃত হৈছিল ।
"And come and stand before me in this house , which is called by my name , and say , We are delivered to do all these abominations ?","মোৰ নামেৰে প্ৰখ্যাত এই গৃহত সোমাই মোৰ আগত থিয় হৈ , ‘আমি মুক্তি পালোঁ’ এইবুলি কবা নে ?"
"( Acts 5 : 18 - 20 ) Because the apostles obeyed , Jehovah continued to bless them .",( পাঁচনিৰ কৰ্ম্ম ৫ : ১৮- ২০ ) তেওঁলোকে আজ্ঞাকাৰী হোৱাৰ বাবে যিহোৱাই একেৰাহে আশীৰ্ব্বাদ কৰিলে ।
How Do You React to Warnings That Come From God Himself ?,স্বয়ং ঈশ্বৰৰ পৰা অহা সতৰ্কবাণীৰ প্ৰতি আপুনি কেনেদৰে প্ৰতিক্ৰিয়া দেখুৱায় ?
"Knowing , brethren beloved , your election of God .",বহু ক্লেশৰ মাজত পবিত্ৰ আত্মাই দিয়া আনন্দৰ সৈতে আপোনালোকে সেই শুভবার্তা গ্ৰহণ কৰি আমাৰ আৰু প্ৰভুৰ অনুকাৰী হ’ল ।
Thou shalt not uncover the nakedness of thy mother s sister for she is thy mother s near kinswoman .,তোমাৰ মাতৃৰ বায়েক বা ভনীয়েকৰ উলঙ্গতা অনাবৃত নকৰিবা ; কিয়নো তাই তোমাৰ মাতৃৰ ওচৰ সম্বন্ধীয়া ।
The correct method of calculating Intelligence Quotient IQ is,বুদ্ধাংশ নির্ণয়ৰ শুদ্ধ পদ্ধতিটো হ ল
"And the  Lord  said unto Moses , The man shall be surely put to death :  all the congregation shall stone him with stones without the camp .","পাছত যিহোৱাই মোচিক ক’লে ,  সেই মানুহৰ প্ৰাণদণ্ড অৱশ্যে হ’ব লাগে ; গোটেই সমাজে তাক ছাউনিৰ বাহিৰলৈ নি শিল দলিয়াই বধ কৰিব ।"
Twentyone medical teams formed for the exercise have collected details of neighbours who may have visited her as well as her relatives .,অনুশীলনৰ বাবে গঠন কৰা একুশটা চিকিৎসা দলে চুবুৰীয়াসকলৰ বিৱৰণ সংগ্ৰহ কৰিছে যিসকলে তাইৰ লগতে তাইৰ আত্মীয়সকলক সাক্ষাৎ কৰিব পাৰে ।
"Of judgment , because the prince of this world is judged .","তোমালোকক ক’বলৈ মোৰ অনেক কথা আছে , কিন্তু সেই কথা এতিয়া গ্ৰহণ কৰিবলৈ অতিৰিক্ত হব ।"
An unknown error has occurred,এটা অজ্ঞাত ভুল হ ল
"And they that were sent , returning to the house , found the servant whole that had been sick .","পাছত যি সকলক পঠোৱা হৈছিল , তেওঁলোকে ঘৰলৈ উভতি আহি , সেই দাসক সুস্থ হোৱা দেখা পালে ।"
"One golden spoon of ten shekels , full of incense :",তেওঁধূপেৰে পূৰ হৈ থকা দহ চেকল জোখ সোণৰ এটা পিয়লাও আনিছিল ।
"And didst see the affliction of our fathers in Egypt , and heardest their cry by the Red sea ;","আপুনি মিচৰত থকা আমাৰ ওপৰ পিতৃসকলৰ দুখলৈ দৃষ্টি কৰিছিল , আৰু চুফ সাগৰৰ কাষত তেওঁলোকৰ কাঁতৰোক্তি শুনিছিল ।"
"And the  Lord  came down to see the city and the tower , which the children of men builded .","আদমৰ বংশধৰসকলে যি নগৰ আৰু উচ্চ স্তম্ভ নিৰ্ম্মাণ কৰিছিল , তাক চাবলৈ যিহোৱা নামি আহিল ।"
"The Prime Minister will lay the Foundation Stone for Medical Colleges atSaran , Chhapra and Purnia .","প্ৰধানমন্ত্ৰী নৰেন্দ্ৰ মোদীয়ে চৰণ , ছাপ্ৰা আৰু পুৰ্ণিয়াত চিকিৎসা মহাবিদ্যালয়ৰ আধাৰশিলা মুকলি কৰিব ।"
"Then he is gracious unto him , and saith , Deliver him from going down to the pit I have found a ransom .","তেন্তে তেওঁ তালৈ কৃপা কৰি কব , গাতলৈ যোৱাৰ পৰা তাক মুক্ত কৰা , মই প্ৰায়শ্চিত্ত পালোঁ ।"
having or suffering from fever,জ্বৰত ভূগি থকা
"Sing and rejoice , O daughter of Zion for , lo , I come , and I will dwell in the midst of thee , saith the Lord .","হে চিয়োন জীয়াৰী , গীত গাই আনন্দ কৰা ; কিয়নো , যিহোৱাই কৈছে , চোৱা , মই আহিছোঁ , আৰু মই তোমালোকৰ মাজত বাস কৰিম"
"And Micaiah said , Behold , thou shalt see in that day , when thou shalt go into an inner chamber to hide thyself .","তেতিয়া মীখায়াই ক’লে , চোৱা , যি দিনা নিজকে লুকাবৰ কাৰণে ভিতৰ কোঠালিলৈ সোমাই যাবা , সেই দিনাই তুমি সেই বিষয়ে জানিবা ।"
"“ God is for us a refuge and strength , a help that is readily to be found during distresses . ”  — PSALM 46 : 1 .","“ ঈশ্বৰ আমাৰ আশ্ৰয় আৰু বল , সঙ্কটৰ কালত তেওঁক বিচৰামাত্ৰে পাব পৰা ঈশ্বৰ । ” —গীতমালা ৪৬ : ১."
SSL received a record that exceeded the maximum permissible length,যে এটা ৰেকৰ্ড লাভ কৰিছে য়িটো অনুমোদিত দৈৰ্ঘৰ বাহিৰত
They “ keep on thriving during gray - headedness . ”,তদুপৰি “ সিবিলাকে বৃদ্ধ কালতো ফল ধৰিব ” বুলি কৈছে ।
That is why a large number of letters on agriculture have been received .,সেইকাৰণে কৃষি সম্পর্কীয় চিঠি প্রচুৰ পৰিমানে আহিছে ।
"For example , we read of the sun , moon , stars , snow , wind , mountains , and hills praising Jehovah .","উদাহৰণস্বৰূপে , আমি এইদৰে পঢ়িবলৈ পাওঁ , সূৰ্য্য , চন্দ্ৰ , তৰা , বতাহ আৰু পৰ্ব্বতবোৰে যিহোৱাৰ প্ৰশংসা কৰে ।"
And Benaiah the son of Jehoiada was over both the Cherethites and the Pelethites ; and David s sons were chief rulers .,"যিহোয়াদাৰ পুত্ৰ বনায়া , কৰেথীয়া আৰু পেলেথীয়াসকলৰ অধ্যক্ষ আছিল আৰু দায়ূদৰ পুত্ৰসকল আছিল মন্ত্ৰী ।"
"Even as Sara obeyed Abraham , calling him lord whose daughters ye are , as long as ye do well , and are not afraid with any amazement .","অৱশেষত কওঁ , আপোনালোক সকলোৱে একে চিত্তৰ , আনৰ দুখত দূঃখী , স্নেহশীল , প্ৰেম কৰোঁতা আৰু নম্ৰ হওক ।"
"Test cricket's top batsman suffers shocking ""illness"" revealed by captain .",টেষ্ট ক্ৰিকেটৰ শীৰ্ষ বেটছেমনগৰাকী ভুগিছে আচৰিত “বেমাৰ’ত সদৰী কৰিলে অধিনায়কে ।
"After all , Bethuel was under no legal obligation to part with his daughter .","তদুপৰি , বথুৱেলে নিজৰ জীয়েকৰ পৰা বেলেগ হোৱাৰ কোনো বিধিসঙ্গত বাধ্যতা নাছিল ।"
"In fact , he had held a family meeting so as to pass on the good points he had read in the book .",আনকি এই কিতাপখনৰ পৰা তেওঁ যি শিকিলে তাক জনাবলৈ তেওঁৰ পৰিয়ালৰ সৈতে একগোট হৈছিল ।
"And as expressed in Ps 90 verses 13 to 17 , we earnestly desire to be recipients of Jehovah’s loving - kindness and blessing .",আকৌ ১৩ পদৰ পৰা১৭ পদত কোৱা হৈছে যে আমি যিহোৱাৰ মহান দয়া আৰু আশীৰ্ব্বাদ লাভ কৰিবলৈ আগ্ৰহী হোৱা উচিত ।
In the year that king Ahaz died was this burden .,ৰজা আহজৰ মৃত্যু হোৱাৰ বছৰত এই ঘোষণা হৈছিল ।
Person who dwells in a place,এখন ঠাইত বাস কৰা লোক
a ) To expand bilateral cooperation in the tourism sector,এই বুজাবুজিৰ চুক্তিপত্ৰৰ প্ৰধান উদ্দেশ্যসমূহ হ’লঃ
"the act of wrongful or dishonest application , as funds entrusted to one s care",নিজৰ জিম্মাত থকা চৰকাৰী বা ৰাজহুৱা ধন অসাধু বা অন্যায় ভাৱে ব্যৱহাৰ কৰা কাৰ্য্য
"And David divided them into courses among the sons of Levi , namely , Gershon , Kohath , and Merari .","দায়ূদে তেওঁলোকক লেবীয়া সকলৰ লগত যোগাযোগ কৰিবলৈ বিভিন্ন দলত বিভক্ত কৰিলে গেৰ্চোন , কহাৎ , আৰু মৰাৰী ।"
"And thus did Hezekiah throughout all Judah , and wrought that which was good and right and truth before the  Lord  his God .","হিষ্কিয়াই যিহূদাৰ সকলোফালে এইদৰেই কৰিলে । আৰু নিজ যিহোৱাৰ দৃষ্টিত যি উত্তম , ন্যায় আৰু সত্য , সেই সকলো সম্পন্ন কৰিলে ।"
These leave from Khuri village .,এইবোৰে খুৰী গাওঁৰ পৰা যাত্ৰা কৰে ।
"He expressed confidence that in the coming times , we will be able to deter heinous crimes , including the crimes committed on women .","আগতে খবৰ আহি আছিল যে নেতাসকলৰ ডাঙৰ ডাঙৰ ঘৰ নিৰ্মাণৰ কথা , নেতাসকলৰ ঘৰ সজোৱাৰ কথা , এতিয়া খবৰ আহিছে দুখীয়াৰ ঘৰ নিৰ্মাণৰ কথা , এতিয়া খবৰ আহিছে দুখীয়াৰ ঘৰ সজোৱাৰ কথা ।"
He was to be a wanderer and a fugitive in the earth .,ভাৰসাম্য বজাই ৰখা আৱশ্যক
And the fame of David went out into all lands ; and the Lord brought the fear of him upon all nations .,"এইদৰে দায়ূদৰ সুখ্যাতি দেশৰ সকলো ফালে বিয়পি গ’ল , আৰু যিহোৱাই তেওঁৰ প্রতি সকলো দেশীয় লোকৰ ভয় জন্মালে ।"
"Let us search and try our ways , and turn again to the Lord .","আহাঁ , আমি বিচাৰ কৰি আমাৰ নিজ পথবোৰ পৰীক্ষা কৰোহঁক আৰু পুনৰায় যিহোৱালৈ ঘূৰোহঁক ।"
Satan is leading men astray “ with every powerful work and lying signs and portents and with every unrighteous deception for those who are perishing . ”,"( ২ তীমথিয় ৩ : ১ ) গতিকে জগতৰ অৱস্থা , প্ৰাকৃতিক দুৰ্য্যোগ আৰু বিৰোধীতাই আমাক পীড়িত কৰিব পাৰে ।"
"If so , you might feel that it is strange or wrong to pray to God without such a visible aid .",এইবোৰ নোহোৱাকৈ ঈশ্বৰক প্ৰাৰ্থনা কৰাটো আপোনাক অসম্ভৱ যেন লাগিব পাৰে ।
"Regarding the early Christians and military service , German theologian Peter Meinhold said :  “ Being a Christian and a soldier was considered irreconcilable . ”","ইয়াৰ পাছত মোচি ঘৰলৈ উভতিল আৰু শহুৰেক যিথ্ৰোক ক’লে :  ‘মই বিনয় কৰোঁ , মিচৰত থকা মোৰ ভাইবিলাক এতিয়ালৈকে জীয়াই আছে নে নাই , তাক চাবলৈ মোক বিদায় দিয়ক ।’"
an intersection of two roads .,দুটা আলিয়ে যোগ চিনৰ দৰে কটাকটি কৰা ঠাই  ।
Set text did not function,ছেট টেক্সটে ফাংকশ্বন নকৰিলে
Accordingly the application for leave to defend was dismissed and order of eviction passed .,সেই অনুসৰি প্ৰতিৰক্ষাৰ বাবে ছুটিৰ আবেদন খাৰিজ কৰা হৈছিল আৰু উচ্ছেদৰ আদেশ গৃহীত কৰা হৈছিল ।
"And if thou refuse to let them go , behold , I will smite all thy borders with frogs :","তুমি যদি তেওঁলোকক যাবলৈ দিয়াত অমান্তি হোৱা , তেনেহ’লে মই তোমাৰ দেশৰ সকলো ঠাইত ভেকুলীৰে উপদ্ৰৱ কৰিম ।"
And many other things blasphemously spake they against him .,আৰু নিন্দা কৰি যীচুৰ বিৰুদ্ধে আন আন বহু কথা ক’লে ।
a member of an assembly,সভাত উপস্থিত থকা লোক
"Those who respond to the invitation to “ come ”  are in line for preservation through the great tribulation , with the prospect of praising Jehovah throughout eternity . — Revelation 22 : 17 .","আদম আৰু হৱাই পাপ কৰাৰ ফলত তেওঁলোকৰ সকলো সতি-সন্ততি , পাপ আৰু মৃত্যুৰ ভাগী হৈ পৰিল ।—ৰোমীয়া ৫ : ১২."
Read the numbered question in bold print to help the householder focus on the main point .,"গৃহস্থই যাতে মূল বিষয়টো ধ্যান দিব পাৰে , তাৰ বাবে ডাঠ আখৰেৰে লিখা প্ৰশ্নটো পঢ়ক ।"
Those children would have a basis for hope because the One whom God would send would undo the tragic consequences set in motion by the rebellion in Eden .,"এই সন্তানসকলৰ বাবে এক আশাৰ কিৰণ থাকে , কিয়নো ঈশ্বৰে পঠোৱা উদ্ধাৰকৰ্ত্তাই এদন বাগিচাত হোৱা বিদ্ৰোহৰ ফলত যি দুখজনক পৰিণাম হ’ল , তাক তেওঁ সম্পূৰ্ণৰূপে নাইকিয়া কৰিব ।"
"As the struggle continues , let us assist one another not to give up . — Acts 14 : 21 , 22 .","তেওঁলোকৰ মৃত্যুত দায়ূদে বৰ দুখ কৰিলে আৰু এটা গীত ৰচনা কৰিলে :  ‘হে মোৰ ভাই যোনাথন , তোমাৰ নিমিত্তে মই দুখিত হৈছোঁ ।"
"The children of Senaah , three thousand and six hundred and thirty .",চনাৱাৰ লোকসকলৰ সংখ্যা :  তিনি হাজাৰ ছশ ত্ৰিশ জন ।
The cardinal number that is the sum of ten and seven .,দহ আৰু সাত যোগ কৰি পোৱা মৌলিক সংখ্যাটো ৷
"After Joshua’s death , however , “ another generation began to rise . . . that did not know Jehovah or the work that he had done for Israel .",কিন্তু যিহোচূৱাৰ মৃত্যুৰ পিছত “ যিহোৱাক আৰু ইস্ৰায়েলৰ নিমিত্তে তেওঁ কৰা কাৰ্য্যকো নজনা নতুন বংশ উৎপন্ন হল ।
For out of prison he cometh to reign ; whereas also he that is born in his kingdom becometh poor .,সেই যুবক দেশৰ ৰজা হ’বলৈ কাৰাগাৰৰ পৰাও ওলাই আহিব পাৰে নাইবা তেওঁ নিজৰ ৰাজ্যৰ এক দৰিদ্র পৰিয়ালতো জন্ম গ্রহণ কৰিব পাৰে ।
"And thou shalt bring for a drink offering half an hin of wine , for an offering made by fire , of a sweet savour unto the  Lord .",আৰু পেয় নৈবেদ্যৰ অৰ্থে হীনৰ আধা ভাগ দ্ৰাক্ষাৰস আনিবা ; সেয়ে যিহোৱাৰ উদ্দেশ্যে সুঘ্ৰাণ দিয়া অগ্নিকৃত উপহাৰ হ’ব ।
"But when the husbandmen saw the son , they said among themselves , This is the heir ; come , let us kill him , and let us seize on his inheritance .","কিন্তু খেতিয়ক সকলে পুত্ৰক দেখি , পৰস্পৰে ক’লে , এওঁৱেই উত্তৰাধিকাৰী ; আহা , আমি এওঁক বধ কৰোহঁক , তাতে তেওঁৰ উত্তৰাধিকাৰ আমাৰ হ’ব ।"
We “ have love for the whole association of brothers . ”,আমাৰ “ ভাইসকলৰ সমগ্ৰ সংঘৰ প্ৰতি প্ৰেম আছে ” ৷
"And he put the staves into the rings on the sides of the altar , to bear it withal ; he made the altar hollow with boards .","বেদি বৈ নিবৰ বাবে , তেওঁ তাৰ কাষত থকা আঙঠিত কানমাৰি সুমুৱালে ; তেওঁ সেই বেদি তক্তাৰে ফোঁপোলাকৈ নিৰ্মান কৰিলে ।"
Can you recall an occasion when you experienced the healing power of kind words ?,"আপোনাৰ এনে কিবা ঘটনা মনত আছেনে , যেতিয়া কোনোবাই উৎসাহিত বাক্যৰে আপোনাৰ দুখিত হৃদয়ক সুস্থ কৰিছিল ?"
We adopt a view like that of Paul toward brothers in his day .,আমি পাঁচনি পৌলে তেওঁৰ সময়ত ভাইসকলৰ প্ৰতি ৰখা মনোবৃত্তিক অনুকৰণ কৰোঁ ।
"And God appeared unto Jacob again , when he came out of Paddan–aram , and blessed him .","পদ্দন-অৰামৰ পৰা যাকোব উভটি অহাৰ পাছত , ঈশ্বৰে তেওঁক পুনৰায় দৰ্শন দি আশীৰ্ব্বাদ কৰিলে ।"
"Then Simon Peter answered him , Lord , to whom shall we go ? thou hast the words of eternal life .",আমি বিশ্বাস কৰিছোঁ আৰু জানিছোঁ যে আপুনিয়েই ঈশ্বৰৰ পবিত্ৰ জন ।
"( 1 Samuel 13 : 1 , 8 - 14 ) This was the beginning of a chain of events that unmistakably betrayed his lack of humility .","( ১ চমূৱেল ১৩ : ১ , ৮-১৪ ) তাৰ পিছতো তেওঁ এনে বহুতো কাৰ্য্য কৰিছিল যি তেওঁৰ নম্ৰতা গুণ হ্ৰাস হোৱাৰ প্ৰমাণ দিলে ।"
curry  cooked by using little water and almost dry,পানী কমকৈ দি প্ৰায় শুকানকৈ ৰন্ধা  আঞ্জা
Doth not the ear try words ? and the mouth taste his meat ?,"জিভাই যেনেকৈ আহাৰৰ আস্বাদ পায় , তেনেকৈ কাণে জানো কথাৰ পৰীক্ষা নকৰে ?"
Bengal has only 40 COVID19 testing kits flagged issue to PM Modi last week CM Mamata .,যোৱা সপ্তাহত প্ৰধানমন্ত্ৰী মোডীলৈ বেংগলৰ মাত্ৰ ৪০ টা কোভিড১৯ পৰীক্ষাৰ কিট আছে ।
"widely available or accepted ; usual , or normal amount , degree , quality , condition , standard .","বহুলভাৱে উপলব্ধ বা গ্ৰহণীয় ; গতানুগতিক বা স্বাভাৱিক পৰিমাণ , মাত্ৰা , গুণ , অৱস্থা বা মান"
"( Matthew 10 : 11 - 14 ; Acts 10 : 34 - 37 ) So rather than allowing tempers to flare , Christians were to flee , to put distance between themselves and the source of provocation .",( মথি ১০ : ১১- ১৪ ; পাঁচনিৰ কৰ্ম্ম ১০ : ৩৪- ৩৭ ) প্ৰকৃত খ্ৰীষ্টানসকলে খঙত উত্তেজিত হোৱাৰ পৰা আঁতৰি থাকি বিৰক্ত কৰা বিষয়ৰ মাজত ব্যৱধান বজাই ৰখা উচিত ।
18 Maintaining spiritual balance is not easy in these “ last days ”  with their “ critical times hard to deal with . ”,১৮ “ শেষ-কালৰ ভয়ঙ্কৰ সময়ত ” আধ্যাত্মিক ভাৰসাম্যতা বজাই ৰখা ইমান সহজ নহয় ।
We would delight to dwell in peace and do good to all men as we have opportunity .,পৰাপক্ষত সকলোলৈ সৎকৰ্ম্ম কৰিম আৰু শান্তিৰে থাকিম ।
"The Prime Minister , Shri Narendra Modi has greeted the people of Himachal Pradesh , on the statehood Day .",প্ৰধানমন্ত্ৰী শ্ৰী নৰেন্দ্ৰ মোদীয়ে হিমাচল প্ৰদেশৰ প্ৰতিষ্ঠা দিৱসত ৰাজ্যবাসীলৈ শুভেচ্ছা জ্ঞাপন কৰিছে ।
"And Philip ran thither to him , and heard him read the prophet Esaias , and said , Understandest thou what thou readest ?","তেওঁ ক’লে কোনোবাই মোক বুজাই নিদিলে , মই কেনেকৈ বুজি পাম ? তাতে তেওঁ ফিলিপক ৰথত উঠি তেওঁৰ সৈতে বহিবলৈ অনুৰোধ কৰিলে ।"
These AIIMS will be set up under Pradhan Mantri Swasthya Suraksha Yojana ( PMSSY ) .,"এই নতুন এইমছ স্থাপনৰ সকলো ব্যয় কেন্দ্ৰীয় চৰকাৰে ব্যয় কৰিব । ইয়াৰ কাম-কাজ তথা পৰিচালনাৰ ব্যয়ো কেন্দ্ৰীয় চৰকাৰে বহন কৰিব । ইয়াৰ বাবে নতুন মুলধনী সম্পদ , বিশেষকৈ বাকী ৬খন এইমছৰ দৰে মানৱ সম্পদ গঢ় দিব ।"
"More than 50 ,000 of these have learned Bible truth during the past five years .","লোট আৰু তেওঁৰ পৰিয়ালৰ লোকসকলে পলম কৰাৰ বাবে , স্বৰ্গদূতকেইজনে তেওঁলোকৰ হাতত ধৰি নগৰৰ বাহিৰ কৰিলে ।"
"The prophet Isaiah foretells :  “ [God] will actually swallow up death forever , and the Sovereign Lord Jehovah will certainly wipe the tears from all faces . ”  — Isaiah 25 : 8 .","ইয়াৰ বিষয়ে ভৱিষ্যবক্তা যিচয়াও ভৱিষ্যতবাণী কৰিছিল :  “ তেওঁ চিৰকাললৈকে মৃত্যুক গ্ৰাস কৰিলে , আৰু প্ৰভু যিহোৱাই সকলোৰে মুখৰ পৰা চকু-লো মচিব । ” —যিচয়া ২৫ : ৮."
"More Mediterranean than Maharashtrian , More Goan than Gujarati , Diu is a tiny white pearl , hidden among the flashier jewels of he western coasts .",পশ্চিমৰ উপকূল অঞ্চলৰ উজ্জ্বল ৰত্মবোৰৰ মাজত লুকাই থকা দিউ এবিধ সূক্ষ্ম বগা মুকুটা যিটো গুজৰাট বা মহাৰাষ্ট্ৰতকৈ গোৱা বা ভূমধ্যসাগৰীয় অঞ্চলবোৰত বেছি দেখা যায় ।
"Currently , the Na Ranong family manages Phraya Ratsadanupradit Mahison Phakdi Museum .","সম্প্ৰতি , ফ্ৰায়া ৰাটছাডানুপ্ৰাডিট মহিছন ফাকডী মিউজিয়ামটো না ৰানোং পৰিয়ালে চোৱা চিতা কৰে ।"
"Hear the voice of my supplications , when I cry unto thee , when I lift up my hands toward thy holy oracle .","সহায়ৰ কাৰণে মই যেতিয়া তোমাৰ আগত কাতৰোক্তি কৰোঁ , তোমাৰ মহা পবিত্ৰ স্থানৰ ফাললৈ হাত দাঙো , তেতিয়া তুমি মোৰ নিবেদন শুনা ।"
Diligent Bible study can motivate us to declare the good news on every occasion,মনোযোগেৰে বাইবেল অধ্যয়ন কৰা মনোবৃত্তিয়ে আমাক সকলো সুযোগতে শুভবাৰ্ত্তা প্ৰচাৰ কৰিবলৈ প্ৰেৰিত কৰে
A common surname found among the people of Mising tribe in the state of Assam,মিচিং জনজাতীয় লোকসকলৰ এটা উপাধি
Technical Agreement between the Government of the Republic of India and the Government Of the Republic of the Union of Myanmar for providing Coastal Surveillance System,উপকূলীয় এলেকাৰ সুৰক্ষাৰ বাবে ভাৰত চৰকাৰ আৰু ম্যানমাৰৰ মাজত কাৰিকৰী চুক্তি স্বাক্ষৰ
"Firstly , he highlighted that the consuming countries , due to rising crude oil prices , face many other economic challenges including serious resource crunch .","প্ৰথমতে , তেওঁ খনিজাত তেলৰ মূল্য বৃদ্ধিৰ ফলত উপভোক্তা দেশসমূহে সম্পদৰ ব্যাপক সংকটকে ধৰি অন্যান্য অৰ্থনৈতিক প্ৰত্যাহ্বানৰ সন্মুখীন হোৱাৰ কথা আলোকপাত কৰে ।"
"For the bodies of those beasts , whose blood is brought into the sanctuary by the high priest for sin , are burned without the camp .","এতেকে আহক , তেওঁৰ নিন্দাৰূপ ভাৰ বৈ , ছাউনিৰ বাহিৰে তেওঁৰ ওচৰলৈ আমি যাওঁহক ।"
"And they called Barnabas , Jupiter ; and Paul , Mercurius , because he was the chief speaker .","নগৰৰ ঠিক বাহিৰতে দ্যুপিতৰৰ যি মন্দিৰ আছিল , তাৰ পুৰোহিতে কেইটামান ষাঁড় গৰু আৰু ফুলৰ মালা লৈ নগৰৰ দুৱাৰমুখলৈ আহিল ; পুৰোহিত আৰু মানুহবোৰে সেইবোৰৰ বলি উৎসর্গ কৰিবলৈ বিচাৰিলে ।"
“ Not one [sparrow] will fall to the ground without your Father’s knowledge .,“ তোমালোকৰ পিতৃৰ অনুমতিৰ বিনে [ ঘৰ-চিৰিকাৰ] এটিও মাটিত নপৰে ।
"For it is impossible for those who were once enlightened , and have tasted of the heavenly gift , and were made partakers of the Holy Ghost ,","আৰু তাৰ পাছত যদি তেওঁলোকে ঈশ্বৰৰ বিৰুদ্ধে গৈ ভ্ৰষ্ট হয় , তেনেহলে তেওঁলোকক পুনৰ মন পালটন কৰা অসাধ্য ; কাৰণ তেওঁলোকে নিজৰ অর্থে ঈশ্বৰৰ পুত্ৰক পুণৰ ক্ৰুচত দিলে আৰু প্ৰকাশ্যৰূপে মানুহৰ আগত তেওঁক নিন্দাৰ পাত্ৰ কৰিলে ।"
We have launched the Hydrocarbon Exploration and Licensing Policy to bring transparency and competitiveness in the sector .,আমি শক্তিক্ষেত্রত স্বচ্ছতা আৰু প্রতিযোগিতাৰ পৰিৱেশ গঢ়ি তুলিবলৈ হাইড্র’কার্বন অনুসন্ধান আৰু লাইসেন্স নীতি গ্রহণ কৰিছো ।
"I want to hire them because I know for a fact that they are honest , sincere , and trustworthy , and they will not cheat you .","মই এইবাবে তেওঁলোকক চাকৰি দিব বিচাৰিছোঁ , কিয়নো মই জানো যে তেওঁলোক নম্ৰ , সৰল আৰু নিৰ্ভৰযোগ্য ব্যক্তি আৰু তেওঁলোকে কেতিয়াও মোক প্ৰবঞ্চনা নকৰে ।"
"20 : 17 - 48 — Why did Jehovah let the Benjamites defeat the other tribes twice , even though the former needed to be punished ?",২০ : ১৭-৪৮—বিন্যামীন ফৈদক শাস্তি দিবলৈ আৱশ্যক থকাৰ স্বত্ত্বেও তেওঁলোকৰ হাতত পৰাস্ত হ’বলৈ যিহোৱা ঈশ্বৰে আন ফৈদবোৰক কিয় দুবাৰকৈ এৰি দিছিল ?
Moreover I will endeavour that ye may be able after my decease to have these things always in remembrance .,"কিয়নো , এওঁ মোৰ প্ৰিয় পুত্ৰ , এওঁতেই মই পৰম সন্তুষ্ট , স্বর্গৰ গৌৰৱময় প্ৰতাপৰ দ্বাৰা তেওঁলৈ অহা এই বাণীৰ মাধ্যমেদি খ্রীষ্টই পিতৃ ঈশ্বৰৰ পৰা সন্মান আৰু গৌৰৱ পাইছিল ।"
"And the tabernacle was taken down ; and the sons of Gershon and the sons of Merari set forward , bearing the tabernacle .","পাছে আবাস ভঙা হ’ল , আৰু গেৰ্চোনৰ সন্তানসকলে আৰু মৰাৰীৰ সন্তানসকলে সেই আবাস ভাৰ বৈ প্ৰস্থান কৰিলে ।"
"And he saw a chariot with a couple of horsemen , a chariot of asses , and a chariot of camels ; and he hearkened diligently with much heed :","যেতিয়া তেওঁ অশ্বাৰোহীৰ সৈতে এটা ৰথক দেখিব , আৰু গাধ , উটবোৰত আৰোহী দেখিব , তেতিয়া তেওঁ মনোযোগ দিব লাগিব আৰু অতি সচেতন হ’ব লাগিব ।"
"And he said , I heard thy voice in the garden , and I was afraid , because I was naked ; and I hid myself .","মানুহে ক’লে ,  মই বাৰীত আপোনাৰ শব্দ শুনি মোৰ বিবস্ত্ৰতাৰ কাৰণে ভয় কৰি লুকাই আছো ।"
( Numbers 25 : 1 - 18 ; Ezra 10 : 10 - 14 ) Associating with the wrong crowd is also a common peril today .,( ১ কৰিন্থীয়া ১৫ : ৩৩ ) এতেকে এইক্ষেত্ৰত খ্ৰীষ্টান পিতৃ-মাতৃসকলে যিহোৱাৰ উত্তম আৰ্হিক অনুকৰণ কৰা উচিত ।
"Our milk co - operatives in Gujarat and the Shri Mahila Griha Udyog Lijjat Papad , are examples of highly successful and globally acclaimed women - led co - operative movements .",গুজৰাটত দুগ্ধ সমবায় আৰু শ্রী মহিলা গৃহ উদ্যোগ লিজ্জত পাপড় হৈছে বিশেষভাবে সফল আৰু বিশ্বজুৰি প্রশংসিত মহিলা পৰিচালিত সমবায় আন্দোলনৰ অন্যতম উদাহৰণ ।
A form of government in which sovereign power resides in the people and is exercised by them or by officers they elect to represent them .,"জন সাধাৰণৰ হাতত দেশৰ আচল কতৃত্ব থকা শাসন প্ৰণালী , য’ত ভোট দানৰ সহায়ত দেশৰ প্ৰতিনিধি নিৰ্বাচন কৰিব পাৰে  ।"
Withdraw thine hand far from me and let not thy dread make me afraid .,"মোৰ ওপৰৰ পৰা তোমাৰ অত্যাচাৰী হাত আঁতৰাই নিবা , আৰু তোমাৰ ভয়ানকতাৰে মোক ভয় নুখুৱাবা ।"
in India  a learned society,এখন বিজ্ঞলোকেৰে গঠিত সমিতি বা সভা  ভাৰতীয় প্ৰয়োগ
an expert in astronomy ;  a scientific observer of the celestial bodies,জ্যোতিৰ্বিদ্যাৰ বিশেষজ্ঞ ; মহাজাগতিক বস্তুসমূহৰ বৈজ্ঞানিক অধ্যয়নকাৰী
To make the weight for the winds ; and he weigheth the waters by measure .,"তেওঁ যেতিয়া বায়ুৰ গুৰুত্ব নিৰূপণ কৰিলে , যেতিয়া পৰিমান অনুসাৰে জলসমুহ জুখি জুখি দিলে ,"
"( Psalm 68 : 11 ; 110 : 3 ) What has been the result of the diligence and self - sacrifice on the part of Jehovah’s people — men and women , young and old—  in these final days ?",যিহোৱাৰ সাক্ষীসকল কেনেধৰণৰ লোক ?
India beat Bangladesh by 8 wickets in the second T20I with rohit sharma's superb batting .,ৰোহিত শৰ্মাৰ দুৰ্দান্ত বেটিঙেৰে দ্বিতীয়খন টী২০ত বাংলাদেশক ৮ উইকেটত পৰাস্ত কৰিলে ভাৰতে ।
Look at the little boy in the picture .,ছবিখনত থকা সৰু ল’ৰাটোলৈ চোৱাচোন ।
Returns the Bessel function Yn x,বেছেল ফাংকশ্বন টো ঘূৰাই পথায়
"And thy meat which thou shalt eat shall be by weight , twenty shekels a day from time to time shalt thou eat it .",ভোজনৰ আহাৰ তুমি ভোজন কৰিবা আৰু প্ৰতিদিনে বিশ চেকল জোখৰ আহাৰ খাবা । তুমি সময়ে সময়ে ইয়াক ভোজন কৰিবা ।
"Agra is mentioned in the ancient epic Mahabharata as Agraban , the sister city of the more prominent Mathura .",আগ্ৰা নামটো পুৰণি ধৰ্মগ্ৰন্থ মহাভাৰতত উল্লেখ থকা গুৰুত্বপূৰ্ণ চহৰ মথুৰাৰ ভগ্নী চহৰ আগ্ৰাবনৰপৰা আহিছে ।
"Addressing the gathering , the Prime Minister said that it is indeed a special occasion to unveil this magnificent Bhagwad Gita .","এই অনুষ্ঠানত উপস্থিত ভক্তপ্ৰাণ ৰাইজক সম্বোধন কৰি প্ৰধানমন্ত্ৰীয়ে কয় যে এই অনবদ্য ভাগবত গীতাখন উন্মোচন কৰাৰ বাবে এয়া হৈছে নিশ্চিতভাৱেই এক বিশেষ অনুষ্ঠান , বিশেষ আয়োজন ।"
PM condoles the passing away of Padma Shri Ren Sonam Tshering Lepcha,পদ্মশ্ৰী ৰেন সোণাৰাম থ্ৰিং লেপচাৰ বিয়পি পৰাত প্ৰধান মন্ত্ৰীয়ে শোকাৱহ কৰে
Launching of Finnish Space objects by Indian launch vehicles,ভাৰতীয় উৎক্ষেপন যানৰ সাহায্যত ফিনলেণ্ডৰ মহাকাশযান উৎক্ষেপন
Some faithful patriarchs had more than one wife .,কিছুমান কুলপিতৃৰ এজনীতকৈ বেছি পত্নী আছিল ।
Ranges containing merged cells can only be sorted without formats,ফৰমেটবোৰৰ অবিহনে একত্ৰিত কক্ষবোৰ থকা পৰিসৰবোৰহে কেৱল বৰ্গীকৰণ কৰাব পাৰি
"With hypocritical mockers in feasts , they gnashed upon me with their teeth .",তেওঁলোকে ভক্তিহীনভাৱে মোক বিদ্ৰূপ কৰিলে ; তেওঁলোকে মোলৈ দাঁত কৰচে ।
"Jehovah “ prepared a body ”  for him , and Jesus — from conception onward—  was truly “ undefiled , separated from the sinners . ”  — Hebrews 7 : 26 ; 10 : 5 .","যিহোৱাই তেওঁৰ বাবে “ শৰীৰ যুগুত কৰিলে , ” আৰু সেয়েহে গৰ্ভত বিকাশ হোৱাৰ পূৰ্বেই প্ৰকৃততে তেওঁক “ অকুটিল , নিৰ্ম্মল পাপীবিলাকৰ পৰা পৃথক ” কৰা হ’ল । —ইব্ৰী ৭ : ২৬ ; ইব্ৰী ১০ : ৫. ( w02 3/15 )"
the mental or inner world of a man .,মানুহৰ মনৰ ভিতৰ বা মনৰ পৃথিৱী ।
"When he maketh inquisition for blood , he remembereth them he forgetteth not the cry of the humble .","কিয়নো যিজনে ৰক্তপাতৰ প্রতিশোধ লয় , ঈশ্বৰে তেওঁক পাহৰি নাযায় ; পীড়িতসকলৰ ক্রন্দন তেওঁ কেতিয়াও নাপাহৰে ।"
"For he clave to the  Lord , and departed not from following him , but kept his commandments , which the  Lord  commanded Moses .","যিহোৱাৰ লগত তেওঁ লাগি আছিল আৰু তেওঁৰ পাছত চলিবলৈ এৰা নাছিল । যিহোৱাই মোচিক যি যি আজ্ঞা দিছিল , সেই সকলো তেওঁ পালন কৰিছিল ।"
For all that do these things are an abomination unto the Lord and because of these abominations the Lord thy God doth drive them out from before thee .,এনেবোৰ কার্য কৰা সকলো লোক যিহোৱাৰ আগত ঘিণলগীয়া আৰু এনে ঘৃণণীয় কার্যৰ কাৰণেই আপোনালোকৰ ঈশ্বৰ যিহোৱাই সেই সকলো জাতিক আপোনালোকৰ সন্মুখৰ পৰা দূৰ কৰিব ।
"I take this opportunity , to appreciate the media’s response to the Swachh Bharat Mission .",মই এই সুযোগতে স্বচ্ছ ভাৰত অভিযানক লৈ প্রচাৰ মাধ্যমে গ্ৰহণ কৰা উদ্যোগৰ প্রশংসা কৰিব বিচাৰিছো ।
8 Kindness is positive and makes us want to do good to others .,৮ দয়া হৈছে এনে এটা কাৰ্য্যকাৰী গুণ যি আমাক আনৰ প্ৰতি হিতজনক কাৰ্য্য কৰিবলৈ প্ৰেৰিত কৰে ।
"But let a man examine himself , and so let him eat of that bread , and drink of that cup .",এই কাৰণে আপোনালোকৰ মাজত বহুত মানুহ দুৰ্বলী আৰু ৰুগীয়া ; আৰু বহুত মানুহ নিদ্ৰিত হ’ল ।
"And unto this people thou shalt say , Thus saith the  Lord ; Behold , I set before you the way of life , and the way of death .","তেতিয়া তুমি এই লোকসকলক কোৱা , ‘যিহোৱাই এইদৰে কৈছে ,  চোৱা , মই তোমালোকৰ আগত জীৱনৰ পথ আৰু মৃত্যুৰ পথ ৰাখিছোঁ ।"
Publish Publish events to a remote machine,প্ৰকাশ কৰক আঁতৰৰ মেচিনত ইভেন্টবোৰ প্ৰকাশ কৰক
• Funding for CA to the Rajasthan Feeder and Sirhind feeder shall be made through NABARD under existing system for funding of 99 PMKSY - AIBP projects under LTIF .,"ছিৰহিন্দ ফিডাৰৰ সংস্কাৰৰ ফলত কৃষকসকলে ৬৯ ,০৮৬ ভূমিতো উন্নত শস্যৰ সুবিধা লাভ কৰিব ।"
"Say ye to the righteous , that it shall be well with him :  for they shall eat the fruit of their doings .","তোমালোকে ধাৰ্মিক লোকৰ বিষয়ে কোৱা যে , তেওঁলোকৰ মঙ্গল হ’ব , কাৰণ তেওঁলোকে নিজৰ কাৰ্যৰ ফল ভোগ কৰিব ।"
The Beta parameter of the Beta distribution,বিটা বিতৰণটোৰ বিটা পেৰামিটাৰ
Try to Find Sources for Failed Downloads,বিফল ডাউনল ডবোৰৰ কাৰণে উত্সবোৰ বিচাৰি উলিওৱাৰ চেষ্টা কৰক
Additional unspecified odds and ends ; more of the same .,একে ধৰণৰ বিশেষভাবে চিনাক্ত নকৰা ইটো সিটো  ।
"Then Jacob gave Esau bread and pottage of lentiles ; and he did eat and drink , and rose up , and went his way :  thus Esau despised his birthright .",তেতিয়া যাকোবে এচৌক পিঠা আৰু মচুৰ দাইল খাবলৈ দিলে ; তাতে তেওঁ খাই উঠি গুচি গ’ল । এই দৰে এচৌৱে নিজৰ জেষ্ঠাধিকাৰ হেয়জ্ঞান কৰিলে ।
"And he took Agag the king of the Amalekites alive , and utterly destroyed all the people with the edge of the sword .","তেওঁ অমালেকীয়া সকলৰ ৰজা অগাগক জীৱিত অৱস্থাতে ধৰিলে , আৰু আন লোক সকলক তৰোৱালৰ ধাৰেৰে ধ্ৱংস কৰিলে ।"
confined to bed for illness .,"বেমাৰ , দুৰ্ঘটনা আদিৰ ফলত শয্যা এৰিব নোৱাৰা অৱস্থা"
wide land covered with grass that is can be used for grazing animals .,বহল সেউজীয়া ঘাঁহনি ।  পোহনীয়া জীৱ জন্তু চৰাবলৈ বা ঘাঁহ খুৱাবলৈ ব্যৱহাৰ হয় ।
"At this moment , there are expectations and the feelings of a strong response which is quite natural .",আমি আমাৰ নিৰাপত্তা কৰ্মীসকলক পূৰণ স্বাধীনতা দিছো এই ক্ষেত্ৰত তদন্ত চলাবলৈ ।
"a particular day of the calender , specified by the year , the month and the day","দিন , মাহ আৰু বছৰ উল্লেখ কৰি পঞ্জিকাৰ এটা নিৰ্দ্দিষ্ট দিন"
"When they marched through the streets , they attracted the attention of passersby .","যেতিয়া তেওঁলোকে পদযাত্ৰা কৰিছিল , অহা-যোৱা কৰা বহুতো লোকৰ ধ্যান আকৰ্ষিত হৈছিল ।"
"Let us concentrate on keeping Jehovah’s orders , remembering that ‘ all our ways are in front of him .’","এতেকে আঁহক আমি আমাৰ ‘সকলো পথৰ’ বিষয়ে যিহোৱাই জানে বুলি মনত ৰাখি , তেওঁৰ ব্যৱস্থাবোৰ পালন কৰিবলৈ মনোযোগ দিওঁহঁক ।"
one who indulges or supports bad works,যি অসৎ কামত উদাগনি যোগায় বা সমৰ্থন কৰে
"The flood breaketh out from the inhabitant ; even the waters forgotten of the foot :  they are dried up , they are gone away from men .","সিহঁতে আকৰ খান্দি গৈ মানুহ থকা ঠাইৰ পৰা দূৰৈ হয় , আৰু ওপৰত ফুৰা লোকে সিহঁতৰ গম নাপায় ; সিহঁতে মানুহৰ পৰা দুৰৈত ওলমি জুলি থাকে ।"
"Why are Jehovah’s Witnesses , like those early Christians , so zealous ?",প্ৰথম শতাব্দীৰ খ্ৰীষ্টানসকলৰ দৰে যিহোৱাৰ সাক্ষীসকলে কিয় ইমান উৎসাহেৰে শুভবাৰ্ত্তা প্ৰচাৰ কৰে ?
"And when Saul saw the host of the Philistines , he was afraid , and his heart greatly trembled .","চৌলে যেতিয়া ফিলিষ্টীয়াসকলৰ সৈন্যসামন্ত দেখিলে , তেতিয়া তেওঁ ভয় কৰিলে , আৰু তেওঁৰ হৃদয় বৰকৈ কঁপিবলৈ ধৰিলে ।"
"The children of Elam , a thousand two hundred fifty and four .",এলমৰ বংশধৰসকল এক হাজাৰ দুশ চৌৱন্ন জন ।
"And will go all of you armed over Jordan before the  Lord , until he hath driven out his enemies from before him ,",তেতিয়া তোমালোকৰ প্রতিজন যুদ্ধলৈ সাজু হোৱা লোকে যিহোৱাৰ সাক্ষাতে যৰ্দ্দন পাৰ হৈ যাব লাগিব যেতিয়ালৈ তেওঁ নিজ শত্ৰুবোৰক নিজৰ আগৰ পৰা দূৰ নকৰে
"Then if any man shall say unto you , Lo , here is Christ , or there ; believe it not .","তেতিয়া যদিও তোমালোকক কোনোৱে কয় , চোৱা , খ্ৰীষ্ট ইয়াত আছে বা তাত আছে তথাপি বিশ্বাস নকৰিবা ।"
Corresponding FM3 File could not be opened,সামঞ্জস্য থকা 3 ফাইল খুলিব পৰা নগ ল
"The kings of the earth set themselves , and the rulers take counsel together , against the Lord , and against his anointed , saying ,","যিহোৱা আৰু তেওঁৰ অভিষিক্তজনাৰ বিৰুদ্ধে পৃথিবীৰ ৰজাসকল একেলগে থিয় হৈছে , শাসনকর্তাসকলে একেলগে গোপন ষড়যন্ত্র কৰিছে ;"
Such knowledge can lead to their everlasting salvation !  — John 17 : 3 .,তদুপৰি এনে জ্ঞানে তেওঁলোকক চিৰস্থায়ী পৰিত্ৰাণলৈ পৰিচালিত কৰিব পাৰে । —যোহন ১৭ : ৩.
"And he shall offer of it all the fat thereof ; the rump , and the fat that covereth the inwards ,","তেওঁ তাৰ সকলো তেল চৰ্বি উৎসৰ্গ কৰিব চৰ্বিযুক্ত নেজ , ভিতৰভাগৰ নাড়ী ভুৰুৰ তেল চৰ্বি ,"
"Since children are quick to note inconsistencies , oral instruction must be backed up by conduct and attitude that demonstrate your own deep appreciation for spiritual things .","যিহেতু ল’ৰা-ছোৱালীবিলাকৰ মনত চঞ্চলতা বাহঁ লৈ থাকে , সেইবাবে আপুনি তেওঁলোকক আচৰণ আৰু মনোবৃত্তিৰ ওপৰত মৌখিকভাৱে পৰামৰ্শ দি আধ্যাত্মিক বিষয়বোৰৰ প্ৰতি গভীৰ সন্মানক প্ৰকাশ কৰি দেখুৱাওক ।"
"And as he prayed , the fashion of his countenance was altered , and his raiment was white and glistering .",তাতে প্ৰাৰ্থনা কৰোতে তেওঁৰ মুখমণ্ডলৰ সৌন্দর্য্যই অন্য ৰূপ ললে আৰু তেওঁৰ কাপোৰবোৰ বগা আৰু চক্ মকীয়া হ’ল ।
"So that my bonds in Christ are manifest in all the palace , and in all other places ;",কোনো কোনোৱে ঈৰ্ষাৰে আৰু বিবাদেৰে আৰু কোনো কোনোৱে সদ্ভাৱেৰে খ্ৰীষ্টক ঘোষণা কৰে ।
The SQL statement created is too long,তৈয়াৰ কৰা বিবৃতিটো বৰ দীঘল
"For thou shalt worship no other god for the Lord , whose name is Jealous , is a jealous God","তুমি অন্য কোনো দেৱতাৰ আৰাধনা নকৰিবা ; কাৰণ , মই যিহোৱা , যাৰ নাম ঈৰ্ষাম্বিত ; তেওঁ নিজ মৰ্য্যাদা ৰখাত ঈৰ্ষাম্বিত ঈশ্বৰ ।"
"And Jesus answering said unto him ,  Seest thou these great buildings ? there shall not be left one stone upon another , that shall not be thrown down .","তাতে যীচুৱে তেওঁক ক’লে ,   তুমি এই বৰ বৰ গাঁথনি দেখিছা নে ? ইয়াৰ কোনো এটা শিল আনটো শিলৰ ওপৰত পৰি থকা নাপাবা কিয়নো এই সকলো ভাঙি পেলোৱা হব ।"
"At the border of the Promised Land , they were enticed into sexual immorality and the unclean worship of the Baal of Peor .",তেওঁলোকে প্ৰতিজ্ঞাত দেশৰ সীমাত উপস্থিত হৈ যৌন অনৈতিক আৰু পিয়োৰৰ বাল দেৱতাৰ উপাসনাত লিপ্ত হৈ নিজকে অশুদ্ধ কৰিলে ।
"a book bound with rigid protective covers  typically of cardboard covered with cloth , heavy paper , or sometimes leather .",ডাঠ কাগজেৰে প্ৰতিখিলা পাত পৃথকে পৃথকে সি একেলগ কৰি বন্ধা কিতাপ আদি ।
"This feature , and all subfeatures , will be installed to run from the network",এই বৈশিষ্ট্যটো আৰু সকলোবোৰ উপবৈশিষ্ট্য নেটৱৰ্কৰ পৰা চলাবলৈ ইনষ্টল কৰা হ ব
"They took therefore two chariot horses ; and the king sent after the host of the Syrians , saying , Go and see .","তেতিয়া তেওঁলোকে ঘোঁৰাবোৰেৰে সৈতে দুখন ৰথ ল’লে , আৰু ৰজাই অৰামীয়া সৈন্যবোৰৰ সন্ধানত তেওঁলোকক পঠিয়াই দি ক’লে ,  তোমালোকে গৈ চাই আহাঁগৈ ।"
"A philosophical theory which believes that the exercise of reason , rather than experience , authority , or spiritual revelation , provides the primary basis for knowledge .",সকলো কথা যুক্তিৰ দ্বাৰা প্ৰতিপন্ন কৰিব পাৰি এনে এটা দৰ্শণ ।
"The South Chapel is dedicated to Padmasambhava , a famous Indian monk who introduced Esoteric Buddhism to Tibet in eighth century .",অষ্টম শতিকাতে তিব্বতৰ গুপ্ত বৌদ্ধবাদক পৰিচয় কৰোৱা বিখ্যাত ভাৰতীয় ভিক্ষু পদ্মসম্ভৱৰ নামত দক্ষিণৰ প্ৰাৰ্থনা গৃহটো উৎসৰ্গা কৰা হৈছে ।
It is further stated that the petitioner has not exploited the liberty granted to him earlier in any way .,এইটো আৰু কোৱা হৈছে যে আবেদনকাৰীয়ে তেওঁক আগতে প্ৰদান কৰা স্বাধীনতাক কোনো ধৰণে ব্যৱহাৰ কৰা নাই ।
It is tantamount to joining in their rebellion against God .,"তদুপৰি , এনেবোৰ কাৰ্য্যত জড়িত হোৱাৰ অৰ্থ হৈছে ঈশ্বৰৰ বিৰোধীতা কৰাত তেওঁলোকৰ সঙ্গী হোৱা ।"
"Finally , he traveled to Europe as a refugee .",অৱশেষত দানিয়েলে শৰানাৰ্থীৰূপে ইউৰোপলৈ ৰাওনা হয় ।
And David danced before the  Lord  with all his might ; and David was girded with a linen ephod .,আৰু দায়ূদে শণ সূতাৰ এখন এফোদ পিন্ধি যিহোৱাৰ আগত পাৰে মানে নাচিলে ।
"He unveiled a digital plaque to mark the commencement of work for conservation and development of Rasika Ray Temple , and Excavated Structure at Ancient Fort Haripurgarh .",তেওঁ ৰাশিকা ৰে’ মন্দিৰ আৰু প্ৰাচীন দূৰ্গ হৰিপুৰগড়ত উদ্ধাৰ হোৱা কীৰ্তিচিহ্নসমূহৰ সংৰক্ষণ তথা উন্নয়নৰ কামৰ বাবে ডিজিটেল ফলক উন্মোচন কৰে ।
"6 Is it really possible that we imperfect humans can be precious in the eyes of the all - powerful Creator , Jehovah God ?","৬ দৰাচলতে , আমাৰ নিচিনা অসিদ্ধ মানৱে সৰ্ব্বশক্তিমান ঈশ্বৰৰ দৃষ্টিত অমূল্য হ’ব পাৰেনে ?"
StarDraw 3 .0 5 .0 Templates StarImpress,ষ্টাৰড্ৰ 3 0 5 0 নমুনাবোৰ ষ্টাৰইমপ্ৰেছ
A particular time frame within which something must be done or completed .,কোনো কাম সম্পূৰ্ণ কৰিবলৈ ঠিৰাং কৰা সময় ।
"( Isaiah 30 : 20 , 21 ) The more you strengthen your love for Jehovah , the greater will be your desire to live in a way that pleases God .","( যিচয়া ৩০ : ২০ , ২১ ) যিহোৱা ঈশ্বৰৰ প্ৰতি আপোনাৰ প্ৰেম যিমানেই গভীৰ হ’ব , আপুনি তেওঁৰ ইচ্ছা অনুসৰি জীৱন অতিবাহিত কৰিবলৈ চেষ্টা কৰিব ।"
Yet thou shalt see the land before thee ; but thou shalt not go thither unto the land which I give the children of Israel .,"তথাপিও , মই ইস্ৰায়েলীয়া সন্তানসকলক যি দেশ দিবলৈ গৈ আছো , তুমি সেই দেশত নোসোমাবা , কিন্তু কেৱল দূৰৰ পৰা তাক চাবলৈ পাবা ।"
"Unto you , O men , I call ; and my voice is to the sons of man .","হে লোকসকল , মই তোমালোকক মাতিছোঁ ; আৰু মানৱজাতিৰ সন্তানসকলৰ বাবে মই উচ্ছস্বৰে কওঁ ।"
"And he said unto them ,  The sabbath was made for man , and not man for the sabbath :","যীচুৱে তেওঁলোকক পুনৰ কলে ,   বিশ্রাম বাৰ মানুহৰ কাৰণে হল ; কিন্তু মানুহ বিশ্রাম-বাৰৰ কাৰণে নহ ল ;"
See them in the picture making bricks .,"ছবিখনলৈ চোৱাচোন , তেওঁলোকে কেনেকৈ ইটা বনাইছে ।"
"By rejecting divine rulership , they lost out on the protection and blessings that subjection to God had afforded them .",তেওঁলোকে ঈশ্বৰৰ শাসনক অস্বীকাৰ কৰি ঈশ্বৰে শাসনৰ অধীনত কৰা আশীৰ্ব্বাদ আৰু সুৰক্ষা ব্যৱস্থাৰ পৰা বঞ্চিত হ’ল ।
"Canst thou send lightnings , that they may go , and say unto thee , Here we are ?","তুমি বিজুলীবোৰক যা বুলি পঠাব পাৰা নে ? সেইবোৰে জানো তোমাক ক’ব নে , ‘এইয়া আমি’ ?"
"And the sons of Benjamin were Bela , and Becher , and Ashbel , Gera , and Naaman , Ehi , and Rosh , Muppim , and Huppim , and Ard .","বিন্যামীনৰ পুত্র বিলা , বেখৰ , অচবেল , গেৰা , নামন , এহী , ৰোচ , মূপপীম , হুপপীম আৰু অৰ্দ ।"
"And Satan answered the  Lord , and said , Skin for skin , yea , all that a man hath will he give for his life .","তেতিয়া চয়তানে যিহোৱাক উত্তৰ দি ক’লে ,  ছালৰ অৰ্থে ছাল , এনে কি প্ৰাণৰ অৰ্থে মানুহে সৰ্ব্বস্ব দিব পাৰে ।"
"To receive the instruction of wisdom , justice , and judgment , and equity ;","সংশোধন গ্রহণ কৰা , তেতিয়া তুমি সত্য , ন্যায়পৰায়ণ , আৰু যথাৰ্থতাত জীয়াই থাকিব পাৰিবা ।"
"And the rain descended , and the floods came , and the winds blew , and beat upon that house ; and it fell not :  for it was founded upon a rock .","পাছত বৰষুণ পৰিল , ধল আহিল আৰু প্রচণ্ড বতাহ বলাত সেই ঘৰত আহি খুন্দা লাগিল ; কিন্তু সেই ঘৰটো নপৰিল , কাৰণ ইয়াক শিলৰ ওপৰত নিৰ্মাণ কৰা হৈছিল ।"
"For the love of Christ constraineth us ; because we thus judge , that if one died for all , then were all dead","এই কাৰণে এতিয়াৰে পৰা কোনো এজনকে আমি মাংস অনুসাৰে নাজানিম ; একেদৰে খ্ৰীষ্টক আগেয়ে মাংস অনুসাৰে জানিলেও , এতিয়াৰ পৰা নাজানিম ।"
The  Lord  taketh my part with them that help me :  therefore shall I see my desire upon them that hate me .,মোক সহায় কৰিবলৈ যিহোৱা মোৰ পক্ষত আছে ; গতিকে মই মোৰ বিৰোধীসকলৰ পৰাজয় দেখা পাম ।
For he that biddeth him God speed is partaker of his evil deeds .,আপোনাৰ মনোনীত ভনীয়েৰাৰ সন্তান সকলে আপোনাক শুভেচ্ছা জনাইছে ।
“ Go On Acquiring Power in the Lord ”,"সেই কাৰণে পৌলে তীতক ক্ৰীতি দ্বীপত থকা খ্ৰীষ্টানসকলক পৰামৰ্শ দি সোঁৱাৰাই দিবলৈ এইদৰে কৈছিল :  “ কাৰো নিন্দা নকৰি , নিৰ্ব্বিৰোধী আৰু ক্ষান্ত স্বভাৱী হৈ , সকলো মানুহৰ প্ৰতি মৃদুভাৱ ” দেখুৱা আৱশ্যক । কিয়নো ক্ৰীতি দ্বীপত থকা খ্ৰীষ্টানসকলে মানৱ অধিকাৰীসকলৰ সৈতে ভাল সম্বন্ধ বজাই নাৰাখিছিল ।—তীত ৩ : ১ , ২."
Neglecting any of them may bring on spiritual sickness and make us vulnerable to Satan’s devices .  1 Peter 5 8 .,ইয়াৰ কোনো এটা বিষয়ৰ প্ৰতি আওকাণ কৰা অৰ্থ হৈছে আধ্যাত্মিকৰূপে দুৰ্বল হোৱা আৰু চয়তানে পাতি ৰখা ফান্দত পৰা ।  ১ পিতৰ ৫ ৮
Encouraging sustainable development of community - based tourism and eco - tourism .,গোষ্ঠীভিত্তিক পর্যটন আৰু পৰিৱেশ পর্যটনৰ বহনক্ষম উন্নয়নত উৎসাহ যোগোৱা ।
"So will I sing praise unto thy name for ever , that I may daily perform my vows .","তাতে , মই চিৰকাললৈকে তোমাৰ প্ৰশংসাৰ গান কৰিম ; প্রতিদিনে নিজৰ সঙ্কল্প সিদ্ধ কৰিম ।"
"For Israel and the Philistines had put the battle in array , army against army .",তেতিয়া ইস্ৰায়েল আৰু ফিলিষ্টীয়াসকলে সন্মুখা-সন্মুখি হৈ ৰণৰ বাবে শাৰী পাতি আছিল ।
"Chettinad food , heavily partial towards meat and fish lovers , is widely available in the state .","চেট্টিনাড খাদ্য , মাছ , মাংস ভালপোৱা সকলৰ বাবেহে বেছি হয় আৰু ৰাজ্যত প্ৰচুৰ পৰিমাণে পোৱা যায় ।"
And the same day Pilate and Herod were made friends together :  for before they were at enmity between themselves .,সেইদিনৰ পৰা হেৰোদ আৰু পীলাত পৰস্পৰ বন্ধু হল ( ইয়াৰ আগেয়ে তেওঁলোকৰ মাজত শত্ৰু ভাব আছিল ) ৷
Not for any injustice in mine hands :  also my prayer is pure .,"তথাপি কান্দোতে কান্দোতে মোৰ মুখ বিকৃত হ’ল , আৰু মৃত্যুচ্ছায়া মোৰ চকুৰ পিৰঠিৰ ওপৰত আছে ।"
So she left home and lived at the tabernacle for the rest of her life .,"সেইবাবে , যিপ্তহৰ জীয়েকে পিতৃৰ ঘৰ ত্যাগ কৰি গোটেই জীৱন ঈশ্বৰৰ ঘৰত কাম কৰিবলৈ গুচি গৈছিল ।"
Unsupported elliptic curve point form,অসমৰ্থিত এলিপ্টিক কাৰ্ভ পইন্ট ফৰ্ম
Ooty also known as Udagamandalam is the Queen of hill stations and the capital of Nilgiris district .,উদগমণ্ডলম নামেৰে জনাজাত উটি হৈছে পাহাৰীয়া ষ্টেচনবিলাকৰ ৰাণী আৰু ই হৈছে নীলগিৰি জিলাৰ সদৰ ।
"For this cause I bow my knees unto the Father of our Lord Jesus Christ ,","ঈশ্বৰে নিজৰ উপচি পৰা প্ৰতাপ অনুসাৰে এনে শক্তি আপোনালোকক দান কৰক যাতে , তেওঁৰ আত্মাৰ দ্বাৰাই আপোনালোকৰ আন্তৰিক পুৰুষ শক্তিশালী হয় ।"
And he did that which was right in the sight of the  Lord  :  he did according to all that his father Uzziah had done .,"তেওঁৰ পিতৃ উজ্জিয়াৰ নিদর্শনত চলি যিহোৱাৰ দৃষ্টিত যি ন্যায় , যোথমে তাকে কৰিছিল ।"
"To submerge an idol or a person , etc . in a water body",মূৰ্ত্তি এটাক পানীত ডুবাই দে
"Concerning Edom , thus saith the Lord of hosts ; Is wisdom no more in Teman ? is counsel perished from the prudent ? is their wisdom vanished ?","ইদোমৰ বিষয় । বাহিনীবিলাকৰ যিহোৱাই এই কথা কৈছে , তৈমনত জানো আৰু জ্ঞান নাই ? বুদ্ধিয়কবিলাকৰ পৰা জানো পৰামৰ্শ লোপ পালে ? তেওঁবিলাকৰ জ্ঞান জানো নাইকিয়া হ’ল ?"
nourishing fluid secreted by mammary gland .,স্তনৰ পৰা নিৰ্গত পুষ্টিকৰ জুলীয়া পদাৰ্থ ।
"Yes , Jehovah took the life of his Son from heaven and put it inside Mary .",যিহোৱাই নিজৰ পুত্ৰৰ জীৱন স্বৰ্গৰপৰা মৰিয়মৰ গৰ্ভত স্থানান্তৰ কৰিলে ।
"And they cast out many devils , and anointed with oil many that were sick , and healed them .","বহুত ভূত খেদালে আৰু বহুত নৰিয়া লোকৰ গাত তেল সানি , তেওঁলোকক সুস্থ কৰিলে ।"
Let not then your good be evil spoken of,"কাৰণ এই বিষয়ত যি জনে খ্ৰীষ্টৰ সেৱাকৰ্ম কৰে , তেওঁ ঈশ্বৰৰ গ্ৰহণকাৰী আৰু ব্যক্তি সকলৰ আগতো পৰীক্ষা সিদ্ধ ।"
Supply to Your Knowledge Self - Control,জ্ঞানত ইন্দ্ৰিয়-দমন যোগোৱা
"The act of expressing , conveying , or representing in words , art , music , or movement ; a manifestation .","কথা , কলা , সঙ্গীত বা ভঙ্গীৰ জৰিয়তে কিবা বুজোৱা বা প্ৰকাশ কৰা কাৰ্য্য ।"
"For he is cast into a net by his own feet , and he walketh upon a snare .","কিয়নো নিজৰ ভৰিয়েই তাক জালৰ মাজত পেলাই দিয়ে , আৰু সি পাশৰ ওপৰেদি ফুৰে ।"
"And the children of Israel went away , and did as the Lord had commanded Moses and Aaron , so did they .",ইস্ৰায়েলৰ লোকসকলে সেয়ে যিহোৱাই মোচি আৰু হাৰোণক দিয়া আজ্ঞাৰ দৰেই কৰিলে ।
He said both countries are proud of their democratic ethos and diversity .,তেওঁ কয় যে দুয়োখন দেশেই ইয়াৰ গণতান্ত্ৰিক মুল্যবোধ আৰু বৈচিত্ৰতাক লৈ গৌৰৱ বোধ কৰে ।
"Paul said as much when he wrote :  “ Whether you are eating or drinking or doing anything else , do all things for God’s glory . ”  — 1 Corinthians 10 : 31 .","পাঁচনি পৌলেও সেই একেইদৰে নিজৰ অভিমত দি লিখিছিল :  “ তোমালোকে ভোজন-পান আদি যি যি কৰ্ম্ম কৰা , সকলোকে ঈশ্বৰৰ গৌৰৱৰ অৰ্থে কৰিবা । ” —১ কৰিন্থীয়া ১০ : ৩১."
"My government has initiated two flagship programmes to create basic infrastructure around tourist , heritage and religious destinations – Swadesh Darshan :  Integrated Development of Theme - Based Tourist Circuits and PRASAD .","পৰ্যটনক্ষেত্ৰ , ঐতিহ্যক্ষেত্ৰ আৰু ধৰ্মীয় স্থানৰ চৌকাষে মৌলিক আন্তঃগাঁথনি নিৰ্মাণৰ বাবে মোৰ চৰকাৰে দুটা ফ্লেগশ্বিপ প্ৰ’গ্ৰাম আৰম্ভ কৰিছে , সেয়া ক্ৰমে স্বদেশ দৰ্শন আৰু প্ৰসাদ , ইয়াৰে স্বদেশ দৰ্শন হৈছে পূৰ্ণাঙ্গ উন্নয়নভিত্তিক পৰ্যটক আৱৰ্তগৃহ ।"
"Our fathers trusted in thee they trusted , and thou didst deliver them .",তোমাৰ ওপৰতে আমাৰ পূর্বপুৰুষসকলে ভাৰসা কৰিছিল ; তেওঁলোকে ভাৰসা কৰিলে আৰু তুমি তেওঁলোকক উদ্ধাৰ কৰিলা ।
"Ye stand upon your sword , ye work abomination , and ye defile every one his neighbour s wife and shall ye possess the land ?","তোমালোকে নিজ নিজ তৰোৱালত নিৰ্ভৰ কৰা , ঘিণলগীয়া কাৰ্য কৰা আৰু নিজ নিজ ওচৰ চুবুৰীয়াৰ পত্নীক অশুচি কৰা লোক ; তোমালোকে জানো সঁচাকৈ দেশ অধিকাৰ কৰিবা’ ?"
She shall give to thine head an ornament of grace :  a crown of glory shall she deliver to thee .,"তেওঁ তোমাৰ মুৰত সন্মানীয় মালা দিব , তেওঁ তোমাক এটা সুন্দৰ মুকুট দিব ।"
To send Users information they agreed to receive about topics we think will be of interest to them .,আমি ভৱা তেওঁলোকে ভালপোৱা বিষয়ৰ ওপৰত সন্মতিপূৰ্বক তথ্য প্ৰেৰণ কৰিলে তেওঁলোকে গ্ৰহণ কৰিবলৈ সমৰ্থ হ’ব ।
Standard deviation . The standard deviation of the log normal distribution,মানক বিচ্যুতি সাধাৰণ ঘাতাংক বিতৰণটোৰ মানক বিচ্যুতিটো
"Moreover , he and his family were building a huge wooden ark in preparation for a worldwide flood , although no one had seen such a flood before .",তদুপৰি নোহ আৰু তেওঁৰ পৰিয়ালে কাহানিও নোহোৱা বিশ্বব্যাপী জল-প্ৰলয়ৰ পূৰ্বে কাঠেৰে এক বৃহৎ জাহাজ নিৰ্মাণ কৰিছিল ।
He said :  “ You must love Jehovah your God with your whole heart and with your whole soul and with your whole mind . . . .,"সেয়েহে তেওঁ এইদৰে কৈছিল :  “ তুমি সকলো হৃদয় , সকলো প্ৰাণ , আৰু সকলো চিত্তৰে তোমাৰ প্ৰভু পৰমেশ্বৰক প্ৰেম কৰা । . . ."
And he made the horns thereof on the four corners of it ; the horns thereof were of the same and he overlaid it with brass .,তেওঁ তাৰ চাৰিওটা চুক ষাড় গৰুৰ শিংৰ আকৃতিত সাজিলে । সেই শিংবোৰ বেদিৰ সৈতে একে ডোখৰ কাঠেৰেই সাজিলে ; আৰু তাত পিতলৰ পতা মাৰিলে ।
( 2 Peter 2 : 7 ) We are also exposed to Satan’s direct attack .,( ২ পিতৰ ২ : ৭ ) আমি চয়তানে পোনপটীয়াকৈ কৰা আক্ৰমণৰো সম্মুখীন হৈছোঁ ।
Shiva thapa in The Lovelina Prequarterator in the Quarter-Finals of the Asian Boxing Championships .,এছিয়ান বক্সিং চেম্পিয়নশ্বিপৰ কোৱাৰ্টাৰ ফাইনেলত লাভলীনা প্ৰিকোৱাৰ্টাৰত শিৱ থাপা ।
LOOK at Jesus here with his arms around the little boy .,যীচুয়ে সৰু ল’ৰাটোক কেনেকৈ মৰমেৰে আঁকোৱালি ধৰিছে দেখিছানে ?
"And the woman said unto the serpent , We may eat of the fruit of the trees of the garden :","নাৰীয়ে সৰ্পক ক’লে ,  বাৰীৰ গছবোৰৰ ফল আমি খাব পাৰোঁ ;"
"13 As integrity keepers , our greatest delight is to see the vindication of Jehovah’s sovereignty .",১৩ অখণ্ডতা বজাই ৰাখোঁতা হিচাবে আমি আন্তৰিকতাৰে যিহোৱাৰ সাৰ্ব্বভৌমত্বৰ দোষ নিবাৰণ হোৱাটো বিচাৰোঁ ।
"And he said unto them , The sabbath was made for man , and not man for the sabbath","যীচুৱে তেওঁলোকক পুনৰ কলে , বিশ্রাম বাৰ মানুহৰ কাৰণে হল ; কিন্তু মানুহ বিশ্রাম বাৰৰ কাৰণে নহ ল ;"
Alex doesn’t want to appear foolish .,১৫ পাপৰ বাবে ক্ষমা ।
"Examples of the Bible’s sound advice are to work hard , to be honest , to use money wisely , and to avoid laziness . — Proverbs 6 : 6 - 8 ; 20 : 23 ; 31 : 16 .","উদাহৰণস্বৰূপে , বাইবেলে পৰিশ্ৰমী , সত্যবাদী , বুদ্ধিমানেৰে ধন ব্যয় আৰু এলেহুৱা হোৱাৰ পৰা আঁতৰি থাকিবলৈ ব্যৱহাৰিক পৰামৰ্শ আগবঢ়াইছে । —হিতোপদেশ ৬ : ৬-৮ ; ২০ : ২৩ ; ৩১ : ১৬."
9 Jesus was “ full of undeserved kindness and truth ”  and “ there was no deception in his mouth . ”,৯ যীচু “ অনুগ্ৰহ আৰু সত্যতাৰে পৰিপূৰ্ণ ” আৰু “ তেওঁৰ মুখত কোনো ছলৰ কথা নাছিল । ”
"Thus saith the  Lord , This city shall surely be given into the hand of the king of Babylon s army , which shall take it .","যিহোৱাই এই কথা কৈছে :  যে , এই নগৰ অৱশ্যে বাবিলৰ ৰজাৰ সৈন্য-সামন্তৰ হাতত সমৰ্পণ কৰা হ’ব আৰু তেওঁ তাক হাত কৰি ল’ব ।"
"It is estimated that the proposed ECC facility , once fully operational , will infuse a demand for more than 100 major international and local exhibition events annually .",এই প্ৰকল্পৰ জৰিয়তে বছৰি ১০০ টাতকৈও অধিক আন্তঃৰাষ্ট্ৰীয় আৰু স্থানীয় প্ৰদৰ্শনী তথা অনুষ্ঠান আয়োজন কৰিব পৰা যাব বুলি আশা কৰা হৈছে ।
"It is God that avengeth me , and subdueth the people under me .","তেৱেঁই আন জাতিবোৰক মোৰ অধীন কৰি বশীভুত কৰিলে , তেওঁ মোৰ পক্ষ হৈ তেওঁলোকে পাবলগীয়া প্ৰতিকাৰ সাধিলে ।"
"By calling God a liar and saying that He withholds good from His subjects , Satan questioned Jehovah’s right to rule . — Genesis 3 : 2 - 5 .",ঈশ্বৰক মিছলীয়া বুলি দোষাৰোপ কৰি চয়তানে ক’ব বিচাৰিছে যে ঈশ্বৰে তেওঁৰ অধীনত থকা লোকসকলৰ হিতৰ বাবে একো কৰা নাই আৰু মানৱ জাতিৰ ওপৰত যিহোৱাৰ শাসন কৰা অধিকাৰৰ ওপৰত চয়তানে প্ৰশ্ন কৰিলে ।—আদিপুস্তক ৩ : ২-৫.
He had been fearful that he would be mocked .,গাৱঁৰ লোকসকলে তেওঁক ঠাট্টা কৰিব বুলি তেওঁ ভয় কৰিছিল ।
Lessons From the Book of Jonah,"( হিতোপদেশ ৪ : ১৮ ) অৱশ্য , এই “ পথত ” কেৱল এজনহে “ দীপ্তিৰ নিচিনা ” হৈছে , এনে নহয় ।"
"bags , trunks etc . which a traveler carries with him her .","ভ্ৰমণকাৰীয়ে তেওঁৰ লগত লোৱা মোনা , বাকচ আৰু অন্যান্য মাল বস্তু"
"And I will cast thee out , and thy mother that bare thee , into another country , where ye were not born ; and there shall ye die .","তোমাক আৰু তোমাক জন্মোৱা মাতৃক , তোমালোক নজনা আন দেশত পেলাই দিম । সেই ঠাইতে তোমালোক মৰিবা ।"
And how will true worship be affected ?,এনে পৰিৱৰ্তনে সত্য উপাসনাত কোনো প্ৰকাৰৰ প্ৰভাৱ পেলাইছেনে ?
"So go ahead , give dinner the Upper Deck advantage .",সেইবাবে আগলৈ যাওক আৰু ওপৰ ডেকৰ দুপৰীয়াৰ আহাৰৰ সুবিধা লওঁক ।
"As for our redeemer , the Lord of hosts is his name , the Holy One of Israel .","আমাৰ মুক্তি দাতাৰ নাম , বাহিনীসকলৰ যিহোৱা , ইস্ৰায়েলৰ পবিত্ৰ জনা ।"
a spice with a strong and hot flavor,জলা সোৱাদ বিশিষ্ট এবিধ মছলা জাতীয় খাদ্য ।
Object does not have this property,অবজেক্টটোৰ এইটো বৈশিষ্ট্য নাই
This is my rest for ever here will I dwell ; for I have desired it .,"তেওঁকলে , এয়ে মোৰ চিৰকালৰ বিশ্ৰামস্থান ; মই এই স্থানতে বাস কৰিম , কিয়নো মই ইয়াকে ইচ্ছা কৰিলোঁ ।"
Could not create backup copy,বেকআপ প্ৰতিলিপি সৃষ্টি কৰিব পৰা নাযাব
First Thursday of the month,মাহৰ প্ৰথম বৃহস্পতিবাৰ
"And the priest that is anointed shall take of the bullock s blood , and bring it to the tabernacle of the congregation :",তেতিয়া সেই অভিষিক্ত পুৰোহিত জনে দমৰা ষাড়-গৰুটোৰ অলপ তেজ সাক্ষাৎ কৰা তম্বুৰ ভিতৰলৈ আনিব ।
They sacrifice their youth for the country so that 125 crore countrymen may live in peace .,এওঁলোকৰ ত্যাগৰ বাবেই ১০০ কোটি ভাৰতীয়ই সুখেৰে জীয়াই থাকিব পাৰিছে ।
"It was meet that we should make merry , and be glad: for this thy brother was dead , and is alive again; and was lost , and is found .",কিন্তু তোমাৰ এই ভায়েৰা মৰা হৈয়ো আকৌ জীয়াই উঠিল; হেৰোৱা হৈয়ো পালো; এই কাৰণে আমি প্ৰীতি ভোজ পাতি আনন্দ কৰিব লাগে৷
"All sections of the society ; the villages , the farmers , the labourers , the teachers , the students joined this movement with the slogan ‘ Do or die’ .","সেই সময়ত গাঁৱে গাঁৱে কৃষক , মজদুৰ , শিক্ষক আৰু ছাত্রসকলো এই আন্দোলনত জঁপিয়াই পৰিছিল ।"
"Which commandeth the sun , and it riseth not ; and sealeth up the stars .","এইজনা সেই একে ঈশ্বৰ , যি জনাই ক’লে সূৰ্য উদয় নহয় ; আৰু তেওঁ তৰাবোৰ বন্ধ কৰি মোহৰ মাৰে ।"
Thou shalt not offer the blood of my sacrifice with leavened bread ; neither shall the fat of my sacrifice remain until the morning .,তোমালোকে খমীৰ দিয়া পিঠাৰে সৈতে বলিৰ তেজ মোলৈ উৎসৰ্গ নকৰিবা । মোৰ উৎসৱৰ সময়ত বলিদান কৰা পশুৰ চৰ্বি গোটেই ৰাতিৰ পৰা ৰাতিপুৱালৈকে অৱশিষ্ট থাকিব নালাগে ।
And Aaron was an hundred and twenty and three years old when he died in mount Hor .,"হোৰ পৰ্ব্বতত হাৰোণ মৰা সময়ত , তেওঁৰ এশ তেইশ বছৰ বয়স হৈছিল ।"
The main person of a family or clan .,এটা পৰিয়াল বা বংশৰ প্ৰধান ব্যক্তি ।
These doles were not aimed at empowering the poor .,"যিসকলে ইমান বছৰ ক্ষমতাত আছিল , তেওঁলোকে ভিক্ষা প্ৰদান পছন্দ কৰিছিল ।"
"Your heart was moved , and you began to feel a love for the God who has shown such great love for you . — Read 1 John 4 : 9 , 10 .","ঈশ্বৰে আপোনাৰ প্ৰতি এনে মহান প্ৰেম দেখুৱাৰ বাবে , আপুনি তেওঁক প্ৰেম কৰিবলৈ অনুপ্ৰাণিত হৈছিল ।—১ যোহন ৪ : ৯ , ১০ পঢ়ক ।"
Before I was afflicted I went astray :  but now have I kept thy word .,"কষ্ট পোৱাৰ আগেয়ে মই বিপথে গৈছিলোঁ , কিন্তু এতিয়া হ’লে , মই তোমাৰ বাক্য পালন কৰিছোঁ ।"
Memorandum of Cooperation between the Indian and Russian Railways,ভাৰতীয় আৰু ৰাছিয়ান ৰে’লৱেৰ মাজত সহযোগিতাৰ চুক্তিপত্ৰ
For thou wilt not leave my soul in hell ; neither wilt thou suffer thine Holy One to see corruption .,"কিয়নো তুমি মোৰ প্ৰাণ চিয়োলত ত্যাগ নকৰিবা , তোমাৰ ভক্তজনক গাতত ক্ষয় পাবলৈ নিদিবা ।"
"Thus saith the Lord  God ; This shall be the border , whereby ye shall inherit the land according to the twelve tribes of Israel :  Joseph shall have two portions .","প্ৰভু যিহোৱাই এই কথা কৈছে , যি সীমাৰ ভিতৰত তোমালোকে ইস্ৰায়েলৰ বাৰ ফৈদ অনুসাৰে আধিপত্যৰ কাৰণে দেশ ভাগ বাঁটবা , সেই সীমা এই ; যোচেফে দুভাগ পাব ।"
Esther had not been invited by the king in 30 days,"৩০ দিন হ’ল , ৰজাই ইষ্টেৰক তেওঁৰ ওচৰলৈ নিমন্ত্ৰণ কৰা নাছিল ।"
"Error configuring ODBC data source 4 , ODBC error 2 3 . Verify that the file 4 exists and that you can access it","ভুল ৰূপৰেখা দিয়া ডাটা উত্স 4 , ভুল 2 3 সত্যাসত্য নিৰূপণ কৰক যে 4 ফাইলটো আছে আৰু আপুনি ইয়াত প্ৰবেশ কৰিব পাৰে"
"Of a truth , Lord , the kings of Assyria have destroyed the nations and their lands ,","হে যিহোৱা , এই কথা সত্য যে , অচূৰৰ ৰজাসকলে জাতিবোৰক আৰু তেওঁলোকৰ দেশবোৰ বিনষ্ট কৰিলে ।"
"( Matthew 3 : 17 ; 25 : 19 - 23 ; John 1 : 47 ) As Christians , we too do well to offer genuine commendation to others .",( মথি ৩ : ১৭ ; ২৫ : ১৯-২৩ ; যোহন ১ : ৪৭ ) সত্য খ্ৰীষ্টান হিচাপে আমিও আনক হৃদয়ৰপৰা প্ৰশংসা কৰা উচিত ।
"Yea , he had power over the angel , and prevailed :  he wept , and made supplication unto him :  he found him in Beth–el , and there he spake with us ;",তেওঁ দূতৰ লগত যুদ্ধ কৰি জয়ী হৈছিল ; তেওঁ দয়া বিচাৰি সেই দূতৰ ওচৰত কান্দিছিল আৰু মিনতি কৰিছিল ; তেওঁ ঈশ্বৰক বৈৎ-এলত লগ পাইছিল ; সেই ঠাইতে ঈশ্বৰে তেওঁৰ সৈতে কথা পাতিছিল ।
Does God have the capacity to rejoice ?,"তোমালোকে সেই বৰ্জিত বস্তু আৰু যি লোকসকলে এইবোৰ চুৰ কৰিলে , তেওঁলোকক তোমালোকৰ মাজৰপৰা দূৰ নকৰালৈকে মই তোমালোকক আশীৰ্ব্বাদ নকৰিম ।’"
the long part of a gun that is shaped like a tube .,বন্দুক এটাৰ নলীৰ আকাৰৰ দীঘল অংশটো ।
A political philosophy or movement advocating an authoritarian hierarchical government .,জাতিগত বৈষম্য আৰু একনায়কত্বক মূল আধাৰ হিচাপে লোৱা ৰাজনৈতিক আদৰ্শবাদ ।
Should not a divinely inspired book for all people contain timeless advice for living ?,এখন ঈশ্বৰ প্ৰেৰিত পুস্তকত সকলো লোকৰ জীৱন যাপনৰ বাবে চিৰকলীয়া পৰামৰ্শ থকা আৱশ্যক নহয়নে ?
Selected Message has been deleted successfully,নিৰ্বাচন কৰা খবৰবোৰ সফলভাৱে ডিলিট কৰা হৈছে
Yangtze River Cruises specialize in tours of China including Yangtze cruises to the Three Gorges .,নদীত ভ্ৰমণ কৰিবৰ কাৰণে য়াংঝো ৰিভাৰ ক্ৰুইজেচ ত চীনৰ থ্ৰী গৰ্গেজ সামৰি লয় ।
Sweat and toil would be required to eke out a living from the soil outside the garden of Eden .,প্ৰয়োজনীয় খাদ্যৰ বাবে এদন বাগিচাৰ বাহিৰত তেওঁলোকে খেতি-বাতি কৰিবলৈ কঠিন পৰিশ্ৰম কৰিবলগীয়া হৈছিল ।
Jerusalem is builded as a city that is compact together,সেই যিৰূচালেমক একেলগে সুদৃঢ়ভাৱে সংযুক্ত কৰা এটি নগৰ হিচাবে গঢ়ি তোলা হৈছে ।
set apart or dedicated to the service of a deity or god,দেৱতাৰ হকে আগবঢ়োৱা বা উছৰ্গা কৰা
"He also spoke about the Ujjwala Yojana for cooking gas , and the significant progress made in electrification of 18 ,000 un - electrified villages .","ৰন্ধন গেছৰ বাবে থকা উজ্বলা যোজনা আৰু ১৮ ,০০০ তকৈও অধিক গাঁৱৰ বৈদ্যুতিকৰণৰ কথাও উল্লেখ কৰে ।"
“ Jesus approached and spoke to them . ”,"বৃতান্তই কৈছে যে , “ যীচুৱে ওচৰলৈ আহি তেওঁলোকক ক’লে । ”"
"Who smote the firstborn of Egypt , both of man and beast .",তেঁৱেই মিচৰ দেশত প্ৰথমে জন্মা সন্তানসকলক আঘাত কৰিছিল ; মানুহ আৰু পশু উভয়ৰে প্রথম সন্তানক মাৰিলে ।
"One post shall run to meet another , and one messenger to meet another , to shew the king of Babylon that his city is taken at one end ,","বাবিলৰ ৰজাৰ নগৰ যে চাৰিওপিনে শত্ৰুৰ হাতত পৰিল , ইয়াকে তেওঁক জনাবৰ নিমিত্তে এটা ডাকৱালা লৰি গৈ আন ডাকৱালাৰ ,"
Reference will not be saved,"প্ৰসংগ ছেভ নহ ব ,প্ৰসংগ ছেভ কৰিব পৰা নহ ব"
"Better is a dinner of herbs where love is , than a stalled ox and hatred therewith .",হিংসাৰ সৈতে স্বাস্থ্যৱান গৰুতকৈপ্রেমেৰে সৈতে শাক পাচলি ভোজন কৰাই ভাল ।
Stop for a moment and read the box “ Told in Benin . ”,ক্ষন্তেকৰ বাবে অলপ ৰওঁক আৰু বক্সত দিয়া “ বেনিনত কোৱা হ’ল ” বিষয়টো পঢ়ক ।
"And while they went to buy , the bridegroom came ; and they that were ready went in with him to the marriage :  and the door was shut .","কিন্তু তেওঁলোকে কিনিবলৈ যাওঁতেই , দৰা আহিল আৰু সাজু হৈ থকা কেইগৰাকীয়ে তেওঁৰ লগত বিয়াৰ ভোজলৈ গ ল আৰু দুৱাৰ বন্ধ কৰা হ’ল ।"
"Let all bitterness , and wrath , and anger , and clamour , and evil speaking , be put away from you , with all malice",এতেকে আপোনালোক ঈশ্বৰৰ প্ৰিয় সন্তান হিচাপে তেওঁৰ অনুকাৰী হওক ।
Many accidents in the home are due to untidy habits .,অপৰিপাটিকৈ ৰাখা এনে অভ্যাসৰ বাবে ঘৰখনত বহুতো দুৰ্ঘটনা হোৱা দেখা যায় ।
( Ge 39 Verse 21a ) A particular act of loving - kindness set in motion a series of events that later led to relief from the troubles Joseph was experiencing .,২ যিহোৱাই লিখক হিচাপে তেওঁৰ বাক্য বাইবেলক শতাব্দী ধৰি ধৰ্ম্মীয় আৰু ধৰ্ম্ম নিৰপেক্ষ লোকসকলৰ বিৰোধীতাৰ পৰা ৰক্ষা কৰি আহিছে ।
"And Gideon the son of Joash returned from battle before the sun was up ,",তাৰ পাছত যোৱাচৰ পুত্ৰ গিদিয়োনে হেৰচৰ গিৰিপথেদি যুদ্ধৰ পৰা উলটি আহিছিল ।
They find that we have been endowed with resources and capabilities that far exceed the needs of our 70 -  to 80 - year life span .,"“ প্ৰায় এশ ত্ৰিশ কোটি সংখ্যক লোকে দৰিদ্ৰতা সীমা ৰেখাৰ তলত জীৱন-যাপন কৰিছে , ইয়াৰ উপৰিও এশ কোটি লোকে ৰাতি কোনো আহাৰ নকৰাকৈ খালি পেটে শুব লগা হৈছে । ”—“ হিউমেন ডিভেলপমেন্ট ৰিপৰ্ট ১৯৯৯ ” ( ইংৰাজী ) ।"
The Ministry of Social Justice and Empowerment Saturday wrote to the Home Ministry seeking minimum support services for people with disabilities .,সামাজিক ন্যায় আৰু সশক্তিকৰণ মন্ত্ৰালয়ে শনিবাৰে গৃহ মন্ত্ৰালয়লৈ প্ৰতিবন্ধী লোকসকলৰ বাবে নিম্নতম সমৰ্থন সেৱা বিচাৰি চিথিং কৰিছিল ।
"If you were Alex , would you accept evolution just because the textbooks present it as fact ?",এই সকলোবোৰৰ বাবে ঈশ্বৰে স্বয়ং প্ৰতিজ্ঞা কৰিছে
It will examine the present structure of emoluments and conditions of service of Judicial Officers in the States and UTs .,আয়োগে ৰাজ্যসমূহক তেওঁলোকৰ পৰামৰ্শ ১৮ মাহৰ ভিতৰত দাঙি ধৰিব ।
20 Godly kindness is unselfish .,২০ ঈশ্বৰৰ দয়া হৈছে নিস্বাৰ্থ ।
Coronavirus outbreak is thought to have begun in Chinas Hubei province where numerous cases were linked to a wet market known as Huanan Seafood Market .,চীনৰ হুবেই প্ৰদেশত কৰোনাভাইৰাছৰ প্ৰাদুৰ্ভাৱ আৰম্ভ হোৱা বুলি ধাৰণা কৰা হয় য'ত বহুতো ঘটনা হুয়ানান সামুদ্ৰিক খাদ্য বজাৰ নামেৰে জনাজাত তিতা বজাৰৰ সৈতে সম্পৰ্কিত আছিল ।
For verily he took not on him the nature of angels ; but he took on him the seed of Abraham .,"কিয়নো যীচুৱে নিজে পৰীক্ষা আৰু দুখভোগৰ মাজেদি গৈছিল , সেই বাবে যি সকল লোক পৰীক্ষাৰ সন্মুখীন হয় , তেওঁলোকক তেওঁ সহায় কৰিব পাৰে ।"
"Esau’s two wives “ were a source of bitterness of spirit to Isaac and Rebekah , ”  Esau’s parents .",নোহে যিহোৱালৈ বলিদান আগবঢ়ালে ।
11 How Do Bible Principles Benefit Us ?,মই নিজকে ক্ষমা কৰিব পৰা নাছিলোঁ । ”
"And Abram journeyed , going on still toward the south .",তাৰ পাছত অব্ৰামে পুনৰ যাত্রা আৰম্ভ কৰিলে আৰু তেওঁ নেগেভৰ ফালে অগ্রসৰ হ’ল ।
"And they transgressed against the God of their fathers , and went a whoring after the gods of the people of the land , whom God destroyed before them .","কিন্তু তেওঁলোক পূৰ্বপুৰুষৰ ঈশ্বৰৰ প্রতি অবিশ্ৱাসী আছিল । ঈশ্ৱৰে তেওঁলোকৰ সন্মুখত যাক ধ্বংস কৰিছিল , সেই দশৰ তেনে দেৱ-দেৱীবোৰক তেওঁলোকে আৰাধনা কৰিছিল ।"
"And he said unto them , Thus and thus dealeth Micah with me , and hath hired me , and I am his priest .","তাতে তেওঁ তেওঁলোকক ক’লে ,  মীখাই মোলৈ এই দৰে ব্যৱহাৰ কৰিলে ; তেওঁ মোক বেতন দিবলৈ স্বীকাৰ কৰাত মই তেওঁৰ পুৰোহিত হ’লোঁ ।"
• What “ paradise ”  did the apostle Paul see in vision ?,• পাঁচনি পৌলে দৰ্শনত কেনে ধৰণৰ “ পৰমদেশ ” দেখিছিল ?
It provides for exchange of expertise and networking of information .,ইয়াৰ জৰিয়তে বিশেষজ্ঞৰ লগতে অন্যান্য যাৱতীয় তথ্যৰ আদান প্ৰদানত সুবিধা হ’ব ।
"Spiritual values are eternal . — Proverbs 11 : 4 ; 1 Corinthians 6 : 9 , 10 .","( ইফিচীয়া ৬ : ২ , ৩ ; যাত্ৰাপুস্তক ২০ : ১২ ) পিতৃ-মাতৃৰ আজ্ঞা পালন কৰিলে আমি কেনেকৈ লাভৱান হ’ব পাৰোঁ ?"
"If we say that we have not sinned , we make him a liar , and his word is not in us .","তেৱেঁই আমাৰ পাপৰ প্ৰায়শ্চিত্ত কৰোঁতা ; কেৱল আমাৰেই নহয় , গোটেই জগতৰে ।"
"* ( Luke 3 : 1 , 2 , 21 , 22 ) Is that not a remarkable fulfillment of Bible prophecy ?","* ( লূক ৩ : ১ , ২ , ২১ , ২২ ) বাইবেলৰ এই ভৱিষ্যতবাণীৰ পূৰ্ণতাই সঁচাকৈ মন কৰিবলগীয়া বিষয় নহয়নে বাৰু ?"
"And he said ,  Abba , Father , all things are possible unto thee ; take away this cup from me :  nevertheless not what I will , but what thou wilt .","আব্বা , পিতৃ , সকলো তোমাৰ সাধ্য ; মোৰ পৰা এই পান-পাত্ৰ    দুৰ কৰা ; কিন্তু মোৰ ইচ্ছা নহয় , তোমাৰ ইচ্ছাৰে ।"
"And the children of Israel again did evil in the sight of the  Lord , when Ehud was dead .","এহূদৰ মৃত্যুৰ পাছত , ইস্ৰায়েলৰ সন্তানসকলে পুনৰ যিহোৱাৰ দৃষ্টিত আকৌ কু-আচৰণ কৰিলে ।"
"They have neglected to put on and maintain their “ complete suit of armor from God . ”  — Ephesians 6 : 10 - 13 ; Colossians 3 : 5 - 10 ; 1 Timothy 1 : 18 , 19 .","তেওঁলোকে “ ঈশ্বৰৰ আটাই সাজ ” পিন্ধিবলৈ আৰু ইয়াক বজাই ৰাখিবলৈ অৱহেলা কৰিলে । —ইফিচীয়া ৬ : ১০- ১৩ ; কলচীয়া ৩ : ৫- ১০ ; ১ তীমথিয় ১ : ১৮ , ১৯."
"( Job 1 : 9 - 11 ; 27 : 5 ) Your child needs to understand that depending on how he behaves , he can make Jehovah either sad or happy .",( ইয়োব ১ : ৯-১১ ; ২৭ : ৫ ) আপোনাৰ ল’ৰা বা ছোৱালীজনীয়ে বুজি পোৱা উচিত যে কেনেকৈ তেওঁলোকৰ আচৰণে যিহোৱাৰ মন আনন্দিত বা আঘাত কৰিব পাৰে ।
More information about sending in monetary contributions can be had on ksb.gov.in .,আৰ্থিক বৰঙণি দিয়াৰ বাবে আপোনালোকে বিভিন্ন তথ্য ksb.gov.in ৰ জৰিয়তে পাব পাৰে ।
"And they cried unto the children of Dan . And they turned their faces , and said unto Micah , What aileth thee , that thou comest with such a company ?","তাতে তেওঁলোকে মুখ ঘূৰাই মীখাক ক’লে ,  তোৰ কি হ’ল ? তই কিয় অনেক লোকক লগত লৈ আহিছ ?"
"And when the messengers were come in , behold , there was an image in the bed , with a pillow of goats  hair for his bolster .","তাতে বাৰ্তাবাহকসকল যেতিয়া ভিতৰলৈ গ’ল , তেতিয়া দেখিলে সেই গৃহ-দেৱতাৰ মূৰ্তি আৰু তাৰ মূৰত ছাগলীৰ নোমৰ গাঁৰু আছিল ।"
